"","site","tag","species","dbh","height","canopy_ht","brooms","rot","Dead / Alive_v1","Dead / Alive_v2","Dead / Alive_v3","Dead / Alive_v4","Inf Location_v1","Inf Location_v2","Inf Location_v3","Inf Location_v4","Gouting_v1","Gouting_v2","Gouting_v3","Gouting_v4","Beetle_v1","Beetle_v2","Beetle_v3","Beetle_v4","NL_v1","NL_v2","NL_v3","NL_v4","NLW_v1","NLW_v2","NLW_v3","NLW_v4","NM_v1","NM_v2","NM_v3","NM_v4","NMW_v1","NMW_v2","NMW_v3","NMW_v4","NH_v1","NH_v2","NH_v3","NH_v4","NHW_v1","NHW_v2","NHW_v3","NHW_v4","SL_v1","SL_v2","SL_v3","SL_v4","SLW_v1","SLW_v2","SLW_v3","SLW_v4","SM_v1","SM_v2","SM_v3","SM_v4","SMW_v1","SMW_v2","SMW_v3","SMW_v4","SH_v1","SH_v2","SH_v3","SH_v4","SHW_v1","SHW_v2","SHW_v3","SHW_v4","Notes_v1","Notes_v2","Notes_v3","Notes_v4","Visit_v1","Visit_v2","Visit_v3","Visit_v4","WSB_v1","WSB_v2","WSB_v3","WSB_v4","infested_v1","infested_v2","infested_v3","infested_v4","new_infestation","tag_ID","Number","Tag #","Description","GeometryType","Elevation","GeoidOffset","distance","infestation_visit_1","infestation_visit_2","infestation_visit_3","infestation_visit_4","unique_ID","TARGET","DISTANCE","TARGET2","DISTANCE2","TARGET3","DISTANCE3","TARGET4","DISTANCE4","geometry.x","Latitude.focal","Longitude.focal","Latitude.target","Longitude.target","geometry.y","bearings1","Latitude.target2","Longitude.target2","geometry.x.x","bearings2","Latitude.target3","Longitude.target3","geometry.y.y","bearings3","Latitude.target4","Longitude.target4","geometry","bearings4","infestation_sum_Visit1_focal","infestation_sum_Visit2_focal","infestation_sum_Visit3_focal","infestation_sum_Visit4_focal","inf_sum_Visit1_target","inf_sum_Visit2_target","inf_sum_Visit3_target","inf_sum_Visit4_target"
"1","MTTP",1,"ABLA",23.7,84.3,7.1,0,"0",1,1,1,1,"BO","BO","BO","BO",2,2,1,1,"0","0","0","0",3,2,2,2,"4-1","4-1","4–1","4-1",2,2,2,2,"0","0","0",NA,1,0,0,0,"0","0","0",NA,3,3,3,3,"0","0","3–1","3-0",2,2,2,1,"0","0","0",NA,2,1,0,0,"0","0","0",NA,NA,NA,NA,NA,1,2,3,4,NA,NA,NA,NA,1,1,1,1,0,"MTTP1",2737,1,NA,"Point",2257.51,NA,0.0590407471367746,1,1,1,1,"MTTP_1_1936","MTTP_4_1938",6.31164526556781,"MTTP_2_1937",8.56758085665118,"MTTP_51_1982",15.6760388870258,"MTTP_46_1979",11.7664132124863,NA,40.43515475,-111.639161,40.4351329,-111.6390923,NA,112.598711040843,40.43519237,-111.6390728,NA,60.8295314847083,40.43505954,-111.6390245,NA,132.390886490883,40.43509524,-111.6390462,NA,124.153227417527,13,10,9,8,1,0,0,0
"2","MTTP",2,"ABLA",14.3,66.1,0,0,"0",1,1,1,1,"BO","BO","BO","0",2,2,3,3,"0","0","0","0",0,1,0,0,"0","0","0",NA,1,0,0,0,"0","0","0",NA,0,0,0,0,"0","0","0",NA,0,0,0,0,"0","0","0",NA,1,1,0,0,"0","0","0",NA,0,0,0,0,"0","0","0",NA,NA,NA,NA,NA,1,2,3,4,NA,NA,NA,NA,1,1,0,0,0,"MTTP2",2739,2,NA,"Point",2256.747,NA,0.0526434086947684,1,1,0,0,"MTTP_2_1937","MTTP_4_1938",6.80537094782832,"MTTP_1_1936",8.56758085665118,"MTTP_1_1936",8.56758085665118,"MTTP_1_1936",8.56758085665118,NA,40.43519237,-111.6390728,40.4351329,-111.6390923,NA,-165.934113270295,40.43515475,-111.639161,NA,-119.170411309893,40.43515475,-111.639161,NA,-119.170411309893,40.43515475,-111.639161,NA,-119.170411309893,2,2,0,0,1,0,0,0
"3","MTTP",4,"ABLA",NA,2.8,0,0,"0",1,1,1,1,"BR","0","0","0",1,1,1,1,"0","0","0","0",0,0,0,0,"0","0","0",NA,0,0,0,0,"0","0","0",NA,0,0,0,0,"0","0","0",NA,0,0,0,0,"0","0","0",NA,1,0,0,0,"0","0","0",NA,0,0,0,0,"0","0","0",NA,NA,NA,NA,NA,1,2,3,4,NA,NA,NA,NA,1,0,0,0,0,"MTTP4",2742,4,NA,"Point",2258.413,NA,0.0529242195551794,1,0,0,0,"MTTP_4_1938","MTTP_1_1936",6.31164526556781,"MTTP_46_1979",5.72403142036665,"MTTP_1_1936",6.31164526556781,"MTTP_46_1979",5.72403142036665,NA,40.4351329,-111.6390923,40.43515475,-111.639161,NA,-67.4012444012383,40.43509524,-111.6390462,NA,136.912970015226,40.43515475,-111.639161,NA,-67.4012444012383,40.43509524,-111.6390462,NA,136.912970015226,1,0,0,0,13,10,9,8
"4","MTTP",5,"ABLA",NA,5.3,0,0,"0",1,1,1,1,"BO","0","0","BO",2,2,3,3,"0","0","0","0",0,0,0,0,"0","0","0",NA,1,0,0,0,"0","0","0",NA,0,0,0,0,"0","0","0",NA,0,0,0,1,"0","0","0",NA,0,0,0,0,"0","0","0",NA,0,0,0,0,"0","0","0",NA,NA,NA,NA,NA,1,2,3,4,NA,NA,NA,NA,1,0,0,1,0,"MTTP5",2743,5,NA,"Point",2255.716,NA,0.0522043033822428,1,0,0,1,"MTTP_5_1939","MTTP_51_1982",5.53324027130894,"MTTP_50_1981",5.11095849850048,"MTTP_51_1982",5.53324027130894,"MTTP_51_1982",5.53324027130894,NA,40.43505788,-111.6390897,40.43505954,-111.6390245,NA,88.0915997096782,40.43507563,-111.6390341,NA,67.3249338541468,40.43505954,-111.6390245,NA,88.0915997096782,40.43505954,-111.6390245,NA,88.0915997096782,1,0,0,1,6,8,4,8
"5","MTTP",7,"ABLA",NA,1.9,0,0,"0",1,1,1,1,"BO","0","0","0",2,2,2,2,"0","0","0","0",0,0,0,0,"0","0","0",NA,1,0,0,0,"0","0","0",NA,0,0,0,0,"0","0","0",NA,0,0,0,0,"0","0","0",NA,0,0,0,0,"0","0","0",NA,0,0,0,0,"0","0","0",NA,NA,NA,NA,NA,1,2,3,4,NA,NA,NA,NA,1,0,0,0,0,"MTTP7",2745,7,NA,"Point",2259.895,NA,0.0610070981327401,1,0,0,0,"MTTP_7_1940","MTTP_11_1944",2.57694254385554,"MTTP_11_1944",2.57694254385554,"MTTP_34_1967",16.1058493703123,"MTTP_8_1941",1.50381945126042,NA,40.43495968,-111.6391799,40.43493746,-111.6391887,NA,-163.163149371592,40.43493746,-111.6391887,NA,-163.163149371592,40.43481469,-111.6391727,NA,177.826957689866,40.43495435,-111.6391636,NA,113.167929675567,1,0,0,0,1,1,0,1
"6","MTTP",8,"ABLA",NA,9,0,0,"0",1,1,1,1,"0","0","0","BO",NA,1,1,1,"0","0","0","0",0,0,0,0,"0","0","0","1-1",0,0,0,0,"0","0","0",NA,0,0,0,0,"0","0","0",NA,0,0,0,0,"0","0","0",NA,0,0,0,1,"0","0","0",NA,0,0,0,0,"0","0","0",NA,"Rot in area","Rot in area","Rot in area","Rot in area",1,2,3,4,NA,NA,NA,NA,0,0,0,1,1,"MTTP8",2746,8,NA,"Point",2259.454,NA,0.059776186769351,0,0,0,1,"MTTP_8_1941","MTTP_7_1940",1.50381945126042,"MTTP_9_1942",1.87970031929976,"MTTP_34_1967",15.52182599433,"MTTP_11_1944",2.83679925769383,NA,40.43495435,-111.6391636,40.43495968,-111.6391799,NA,-66.8320597525071,40.4349411,-111.6391498,NA,141.486075773472,40.43481469,-111.6391727,NA,-177.149684564056,40.43493746,-111.6391887,NA,-131.368360274021,0,0,0,1,1,0,0,0
"7","MTTP",9,"ABLA",4.2,30.8,1,0,"0",1,1,1,1,"0","BO","BO","BO",1,1,2,2,"0","0","0","0",0,0,0,0,"0","0","0","1-1",0,1,0,0,"0","0","0","1-3",0,1,0,0,"0","0","0",NA,0,0,0,0,"0","0","0",NA,0,0,0,0,"0","0","0",NA,0,1,0,0,"0","0","0",NA,NA,NA,NA,NA,1,2,3,4,NA,NA,NA,NA,0,1,0,0,1,"MTTP9",2747,9,NA,"Point",2257.702,NA,0.0589669858058068,0,1,0,0,"MTTP_9_1942","MTTP_27_1960",2.23169271165902,"MTTP_27_1960",2.23169271165902,"MTTP_34_1967",14.1656353728819,"MTTP_26_1959",1.76959198643761,NA,40.4349411,-111.6391498,40.43493507,-111.6391749,NA,-107.453231713432,40.43493507,-111.6391749,NA,-107.453231713432,40.43481469,-111.6391727,NA,-172.118933890925,40.43493018,-111.6391346,NA,133.234620102177,0,3,0,0,1,1,0,0
"8","MTTP",10,"ABLA",NA,5.2,0,0,"0",1,1,1,1,"0","0","0","0",1,1,0,1,"0","0","0","0",0,0,0,0,"0","0","0",NA,0,0,0,0,"0","0","0",NA,0,0,0,0,"0","0","0",NA,0,0,0,0,"0","0","0",NA,0,0,0,0,"0","0","0",NA,0,0,0,0,"0","0","0",NA,NA,NA,NA,NA,1,2,3,4,NA,NA,NA,NA,0,0,0,0,0,"MTTP10",2748,10,NA,"Point",2258.033,NA,0.0601063440731304,0,0,0,0,"MTTP_10_1943","MTTP_27_1960",1.15896201520247,"MTTP_27_1960",1.15896201520247,"MTTP_34_1967",14.0353178344917,"MTTP_8_1941",1.48854489643759,NA,40.43494094,-111.6391636,40.43493507,-111.6391749,NA,-124.2090816759,40.43493507,-111.6391749,NA,-124.2090816759,40.43481469,-111.6391727,NA,-176.847511688427,40.43495435,-111.6391636,NA,0,0,0,0,0,1,1,0,0
"9","MTTP",11,"ABLA",34.8,98.5,0,0,"0",1,1,1,1,"BO","BO","BO","BO",2,2,2,2,"0","0","0","0",1,1,0,1,"0","0","0",NA,0,0,0,0,"0","0","0",NA,0,0,0,0,"0","0","0",NA,0,0,0,0,"0","0","0",NA,0,0,0,0,"0","0","0",NA,0,0,0,0,"0","0","0",NA,NA,NA,NA,NA,1,2,3,4,NA,NA,NA,NA,1,1,0,1,0,"MTTP11",2749,11,NA,"Point",2259.519,NA,0.062262468990192,1,1,0,1,"MTTP_11_1944","MTTP_27_1960",1.20018701387426,"MTTP_27_1960",1.20018701387426,"MTTP_34_1967",13.6951949635641,"MTTP_8_1941",2.83679925769383,NA,40.43493746,-111.6391887,40.43493507,-111.6391749,NA,102.770456920111,40.43493507,-111.6391749,NA,102.770456920111,40.43481469,-111.6391727,NA,174.313038462002,40.43495435,-111.6391636,NA,48.6316234465141,1,1,0,1,1,1,0,0
"10","MTTP",12,"ABLA",NA,22.6,0.9,0,"0",1,1,1,1,"0","0","0","0",3,2,2,2,"0","0","0","0",0,0,0,0,"0","0","0",NA,0,0,0,0,"0","0","0",NA,0,0,0,0,"0","0","0",NA,0,0,0,0,"0","0","0",NA,0,0,0,0,"0","0","0",NA,0,0,0,0,"0","0","0",NA,NA,NA,NA,NA,1,2,3,4,NA,NA,NA,NA,0,0,0,0,0,"MTTP12",2750,12,NA,"Point",2259.344,NA,0.065603115743966,0,0,0,0,"MTTP_12_1945","MTTP_11_1944",3.38619409579651,"MTTP_11_1944",3.38619409579651,"MTTP_34_1967",14.1759115137727,"MTTP_11_1944",3.38619409579651,NA,40.43493507,-111.6392285,40.43493746,-111.6391887,NA,85.5064622405663,40.43493746,-111.6391887,NA,85.5064622405663,40.43481469,-111.6391727,NA,160.496238136094,40.43493746,-111.6391887,NA,85.5064622405663,0,0,0,0,1,1,0,1
"11","MTTP",13,"ABLA",7.6,5.4,0,0,"0",1,1,1,1,"0","0","BO","0",2,2,1,1,"0","0","0","0",0,0,0,0,"0","0","0",NA,0,0,0,0,"0","0","0",NA,0,0,0,0,"0","0","0",NA,0,0,0,0,"0","0","0",NA,0,0,0,0,"0","0","0",NA,0,0,0,0,"0","0","0",NA,"Rot in area","Rot in area","Rot in area","Rot in area",1,2,3,4,NA,NA,NA,NA,0,0,0,0,0,"MTTP13",2751,13,NA,"Point",2262.083,NA,0.064093408141907,0,0,0,0,"MTTP_13_1946","MTTP_11_1944",1.90110657156084,"MTTP_11_1944",1.90110657156084,"MTTP_34_1967",14.0763868477011,"MTTP_11_1944",1.90110657156084,NA,40.43493806,-111.6392111,40.43493746,-111.6391887,NA,92.007649427121,40.43493746,-111.6391887,NA,92.007649427121,40.43481469,-111.6391727,NA,166.621455569781,40.43493746,-111.6391887,NA,92.007649427121,0,0,0,0,1,1,0,1
"12","MTTP",14,"ABLA",1.7,49.1,1.7,0,"0",1,1,1,1,"0","0","0","0",0,2,0,0,"0","0","0","0",0,0,0,0,"0","0","0",NA,0,0,0,0,"0","0","0",NA,0,0,0,0,"0","0","0",NA,0,0,0,0,"0","0","0",NA,0,0,0,0,"0","0","0",NA,0,0,0,0,"0","0","0",NA,NA,NA,NA,NA,1,2,3,4,NA,NA,NA,NA,0,0,0,0,0,"MTTP14",2752,14,NA,"Point",2263.888,NA,0.0636898316708229,0,0,0,0,"MTTP_14_1947","MTTP_11_1944",2.35372579587532,"MTTP_11_1944",2.35372579587532,"MTTP_34_1967",11.6880989785703,"MTTP_11_1944",2.35372579587532,NA,40.43491796,-111.6391996,40.43493746,-111.6391887,NA,23.1283248492129,40.43493746,-111.6391887,NA,23.1283248492129,40.43481469,-111.6391727,NA,168.743037359681,40.43493746,-111.6391887,NA,23.1283248492129,0,0,0,0,1,1,0,1
"13","MTTP",15,"ABLA",3.1,17.2,0,0,"0",1,1,1,1,"0","0","0","0",1,NA,1,1,"0","0","0","0",0,0,0,0,"0","0","0",NA,0,0,0,0,"0","0","0",NA,0,0,0,0,"0","0","0",NA,0,0,0,0,"0","0","0",NA,0,0,0,0,"0","0","0",NA,0,0,0,0,"0","0","0",NA,NA,NA,NA,NA,1,2,3,4,NA,NA,NA,NA,0,0,0,0,0,"MTTP15",2754,15,NA,"Point",2264.633,NA,0.0572383073774982,0,0,0,0,"MTTP_15_1948","MTTP_24_1957",0.90199157765936,"MTTP_24_1957",0.90199157765936,"MTTP_34_1967",11.9515027363842,"MTTP_24_1957",0.90199157765936,NA,40.43491417,-111.6391188,40.43490731,-111.6391245,NA,-147.588283427738,40.43490731,-111.6391245,NA,-147.588283427738,40.43481469,-111.6391727,NA,-157.509880315735,40.43490731,-111.6391245,NA,-147.588283427738,0,0,0,0,1,2,0,2
"14","MTTP",16,"ABLA",4,26.1,1.8,0,"0",1,1,1,1,"0","0","0","0",NA,1,1,1,"0","0","0","0",0,0,0,0,"0","0","0",NA,0,0,0,0,"0","0","0",NA,0,0,0,0,"0","0","0",NA,0,0,0,0,"0","0","0",NA,0,0,0,0,"0","0","0",NA,0,0,0,1,"0","0","0",NA,NA,NA,NA,NA,1,2,3,4,NA,NA,NA,NA,0,0,0,1,1,"MTTP16",2755,16,NA,"Point",2256.12,NA,0.0651729949233963,0,0,0,1,"MTTP_16_1949","MTTP_17_1950",0.165474777420224,"MTTP_21_1954",6.34506057947319,"MTTP_34_1967",7.65909265983607,"MTTP_32_1965",2.22234142547859,NA,40.43487977,-111.6392027,40.43487849,-111.6392037,NA,-149.164267047986,40.43491083,-111.6391399,NA,57.0863628682767,40.43481469,-111.6391727,NA,160.595925805764,40.43485989,-111.6391996,NA,173.205080485337,0,0,0,1,1,0,0,0
"15","MTTP",17,"ABLA",1.2,9.1,0,0,"0",1,1,1,1,"BO",NA,NA,NA,NA,2,2,2,"0","0","0","0",0,0,0,0,"0","0","0",NA,1,0,0,0,"0","0","0",NA,0,0,0,0,"0","0","0",NA,0,0,0,0,"0","0","0",NA,0,0,0,0,"0","0","0",NA,0,0,0,0,"0","0","0",NA,NA,NA,NA,NA,1,2,3,4,NA,NA,NA,NA,1,0,0,0,0,"MTTP17",2756,17,NA,"Point",2259.586,NA,0.0652987514058441,1,0,0,0,"MTTP_17_1950","MTTP_11_1944",6.66832098035376,"MTTP_21_1954",6.49388204427923,"MTTP_34_1967",7.55433006243213,"MTTP_16_1949",0.165474777420224,NA,40.43487849,-111.6392037,40.43493746,-111.6391887,NA,10.999171535433,40.43491083,-111.6391399,NA,56.4405968492613,40.43481469,-111.6391727,NA,159.631093057714,40.43487977,-111.6392027,NA,30.8357323034309,1,0,0,0,1,1,0,1
"16","MTTP",18,"ABLA",3,7.9,0,2,"0",1,1,1,1,"0","0","0","0",NA,2,0,1,"0","0","0","0",0,0,0,0,"0","0","0",NA,0,0,0,0,"0","0","0",NA,0,0,0,0,"0","0","0",NA,0,0,0,0,"0","0","0",NA,0,0,0,0,"0","0","0",NA,0,0,0,0,"0","0","0",NA,NA,NA,NA,NA,1,2,3,4,NA,NA,NA,NA,0,0,0,0,0,"MTTP18",2757,18,NA,"Point",2256.61,NA,0.0626798108364848,0,0,0,0,"MTTP_18_1951","MTTP_17_1950",2.9798163455729,"MTTP_21_1954",3.65044866223252,"MTTP_34_1967",9.26005615411476,"MTTP_16_1949",2.81862648123872,NA,40.43489795,-111.6391795,40.43487849,-111.6392037,NA,-136.461687288623,40.43491083,-111.6391399,NA,66.9425201315735,40.43481469,-111.6391727,NA,176.428984820526,40.43487977,-111.6392027,NA,-135.722023770497,0,0,0,0,1,0,0,0
"17","MTTP",19,"ABLA",1,22.7,0,0,"0",1,1,1,1,"0","0","0","0",NA,2,2,2,"0","0","0","0",0,0,0,0,"0","0","0",NA,0,0,0,0,"0","0","0",NA,0,0,0,0,"0","0","0",NA,0,0,0,0,"0","0","0",NA,0,0,0,0,"0","0","0",NA,0,0,0,0,"0","0","0",NA,NA,NA,NA,NA,1,2,3,4,NA,NA,NA,NA,0,0,0,0,0,"MTTP19",2758,19,NA,"Point",2256.651,NA,0.0638628792623374,0,0,0,0,"MTTP_19_1952","MTTP_17_1950",1.90852908091012,"MTTP_21_1954",5.63060998810172,"MTTP_34_1967",6.43218242604405,"MTTP_16_1949",1.88946465710428,NA,40.43487212,-111.6391828,40.43487849,-111.6392037,NA,-68.2542944106476,40.43491083,-111.6391399,NA,40.2587051323862,40.43481469,-111.6391727,NA,172.346314916131,40.43487977,-111.6392027,NA,-63.2932885311217,0,0,0,0,1,0,0,0
"18","MTTP",20,"ABLA",1.4,11.9,6.4,0,"0",1,1,1,1,"0","0","0","0",1,1,0,0,"0","0","0","0",0,0,0,0,"0","0","0",NA,0,0,0,0,"0","0","0",NA,0,0,0,0,"0","0","0",NA,0,0,0,0,"0","0","0",NA,0,0,0,0,"0","0","0",NA,0,0,0,0,"0","0","0",NA,NA,NA,NA,NA,1,2,3,4,NA,NA,NA,NA,0,0,0,0,0,"MTTP20",2759,20,NA,"Point",2261.39,NA,0.0589871619737655,0,0,0,0,"MTTP_20_1953","MTTP_24_1957",1.44562494878496,"MTTP_21_1954",0.228665357835376,"MTTP_34_1967",11.2498787039438,"MTTP_21_1954",0.228665357835376,NA,40.43491289,-111.6391399,40.43490731,-111.6391245,NA,115.369952353903,40.43491083,-111.6391399,NA,180,40.43481469,-111.6391727,NA,-165.682389438226,40.43491083,-111.6391399,NA,180,0,0,0,0,1,2,0,2
"19","MTTP",21,"ABLA",2.8,16.7,1.7,0,"0",1,1,1,1,"0","BO","BO","BO",2,2,2,2,"0","0","0","0",0,0,0,1,"0","0","0",NA,0,0,0,1,"0","0","0",NA,0,0,0,0,"0","0","0",NA,0,0,0,0,"0","0","0",NA,0,1,0,1,"0","0","0",NA,0,0,0,0,"0","0","0",NA,NA,NA,NA,NA,1,2,3,4,NA,NA,NA,NA,0,1,0,1,1,"MTTP21",2760,21,NA,"Point",2262.879,NA,0.0590541137982652,0,1,0,1,"MTTP_21_1954","MTTP_24_1957",1.36339695395185,"MTTP_24_1957",1.36339695395185,"MTTP_34_1967",11.0284607207965,"MTTP_24_1957",1.36339695395185,NA,40.43491083,-111.6391399,40.43490731,-111.6391245,NA,106.653611741212,40.43490731,-111.6391245,NA,106.653611741212,40.43481469,-111.6391727,NA,-165.388605141872,40.43490731,-111.6391245,NA,106.653611741212,0,1,0,3,1,2,0,2
"20","MTTP",22,"ABLA",2,17.8,3.8,0,"0",1,1,1,1,"0","0","0","0",1,1,0,0,"0","0","0","0",0,0,0,0,"0","0","0",NA,0,0,0,0,"0","0","0",NA,0,0,0,0,"0","0","0",NA,0,0,0,0,"0","0","0",NA,0,0,0,0,"0","0","0",NA,0,0,0,0,"0","0","0",NA,NA,NA,NA,NA,1,2,3,4,NA,NA,NA,NA,0,0,0,0,0,"MTTP22",2761,22,NA,"Point",2261.565,NA,0.0609243908533592,0,0,0,0,"MTTP_22_1955","MTTP_27_1960",2.8406708630302,"MTTP_21_1954",1.96805862590043,"MTTP_34_1967",10.7349068510333,"MTTP_23_1956",1.75043528330204,NA,40.43491112,-111.6391631,40.43493507,-111.6391749,NA,-20.6300564106579,40.43491083,-111.6391399,NA,90.9371986288556,40.43481469,-111.6391727,NA,-175.649837491642,40.43492211,-111.6391483,NA,45.8193417685774,0,0,0,0,1,1,0,0
"21","MTTP",23,"ABLA",2.1,15.4,0,0,"0",1,1,1,1,"0","0","BO","BO",2,2,1,1,"0","0","0","0",0,0,0,0,"0","0","0",NA,0,0,0,2,"0","0","0","2-1",0,0,0,1,"0","0","0",NA,0,0,0,1,"0","0","0",NA,0,0,0,2,"0","0","0",NA,0,0,0,0,"0","0","0",NA,NA,NA,NA,NA,1,2,3,4,NA,NA,NA,NA,0,0,0,1,1,"MTTP23",2762,23,NA,"Point",2261.205,NA,0.059381474420813,0,0,0,1,"MTTP_23_1956","MTTP_24_1957",2.60269350089665,"MTTP_21_1954",1.440625588925,"MTTP_34_1967",12.102170630503,"MTTP_21_1954",1.440625588925,NA,40.43492211,-111.6391483,40.43490731,-111.6391245,NA,129.139225392382,40.43491083,-111.6391399,NA,150.359175734612,40.43481469,-111.6391727,NA,-170.15350693889,40.43491083,-111.6391399,NA,150.359175734612,0,0,0,6,1,2,0,2
"22","MTTP",24,"ABLA",1.8,2,2,0,"0",1,1,1,1,"BO","BO","0","BO",2,2,2,2,"0","0","0","0",0,0,0,0,"0","0","0",NA,0,1,0,1,"0","0","0",NA,0,0,0,0,"0","0","0",NA,0,0,0,0,"0","0","0",NA,1,1,0,1,"0","0","0",NA,0,0,0,0,"0","0","0",NA,NA,NA,NA,NA,1,2,3,4,NA,NA,NA,NA,1,1,0,1,0,"MTTP24",2763,24,NA,"Point",2257.498,NA,0.0579284062369438,1,1,0,1,"MTTP_24_1957","MTTP_27_1960",5.26969601579319,"MTTP_21_1954",1.36339695395185,"MTTP_34_1967",11.0640925143204,"MTTP_21_1954",1.36339695395185,NA,40.43490731,-111.6391245,40.43493507,-111.6391749,NA,-54.2149549465251,40.43491083,-111.6391399,NA,-73.3463782705975,40.43481469,-111.6391727,NA,-158.314724686291,40.43491083,-111.6391399,NA,-73.3463782705975,1,2,0,2,1,1,0,0
"23","MTTP",25,"ABLA",1.4,1.2,1.2,0,"0",1,1,1,1,"0","0","BO","0",3,2,1,1,"0","0","0","0",0,0,0,0,"0","0","0",NA,0,0,0,0,"0","0","0",NA,0,0,0,0,"0","0","0",NA,0,0,0,0,"0","0","0",NA,0,0,0,0,"0","0","0",NA,0,0,0,0,"0","0","0",NA,NA,NA,NA,NA,1,2,3,4,NA,NA,NA,NA,0,0,0,0,0,"MTTP25",2764,25,NA,"Point",2257.271,NA,0.0579321529240359,0,0,0,0,"MTTP_25_1958","MTTP_24_1957",0.690500416919317,"MTTP_24_1957",0.690500416919317,"MTTP_34_1967",11.6047068287979,"MTTP_24_1957",0.690500416919317,NA,40.43491323,-111.639127,40.43490731,-111.6391245,NA,162.115952120203,40.43490731,-111.6391245,NA,162.115952120203,40.43481469,-111.6391727,NA,-160.486945316071,40.43490731,-111.6391245,NA,162.115952120203,0,0,0,0,1,2,0,2
"24","MTTP",26,"ABLA",1.2,1.3,1.3,0,"0",1,1,1,1,"0","0","BO","BO",2,1,1,1,"0","0","0","0",0,0,0,0,"0","0","0",NA,0,0,0,0,"0","0","0",NA,0,0,0,0,"0","0","0",NA,0,0,0,0,"0","0","0",NA,0,0,0,1,"0","0","0",NA,0,0,0,0,"0","0","0",NA,NA,NA,NA,NA,1,2,3,4,NA,NA,NA,NA,0,0,0,1,1,"MTTP26",2765,26,NA,"Point",2258.888,NA,0.0580245976509058,0,0,0,1,"MTTP_26_1959","MTTP_24_1957",2.67927643089716,"MTTP_9_1942",1.76959198643761,"MTTP_34_1967",13.2207291186004,"MTTP_23_1956",1.46721660945627,NA,40.43493018,-111.6391346,40.43490731,-111.6391245,NA,161.352849435509,40.4349411,-111.6391498,NA,-46.7653700393442,40.43481469,-111.6391727,NA,-165.851595454104,40.43492211,-111.6391483,NA,-127.628384863895,0,0,0,1,1,2,0,2
"25","MTTP",27,"ABLA",8.5,56.6,0,0,"0",1,1,1,1,"BO","BO","BO","0",2,2,2,2,"0","0","0","0",0,0,0,0,"0","0","0",NA,1,0,0,0,"0","0","0",NA,0,0,0,0,"0","0","0",NA,0,1,0,0,"0","0","0",NA,0,0,0,0,"0","0","0",NA,0,0,0,0,"0","0","0",NA,NA,NA,NA,NA,1,2,3,4,NA,NA,NA,NA,1,1,0,0,0,"MTTP27",2766,27,NA,"Point",2257.143,NA,0.0611899562467056,1,1,0,0,"MTTP_27_1960","MTTP_11_1944",1.20018701387426,"MTTP_11_1944",1.20018701387426,"MTTP_34_1967",13.363795943583,"MTTP_11_1944",1.20018701387426,NA,40.43493507,-111.6391749,40.43493746,-111.6391887,NA,-77.2295341294284,40.43493746,-111.6391887,NA,-77.2295341294284,40.43481469,-111.6391727,NA,179.19994074322,40.43493746,-111.6391887,NA,-77.2295341294284,1,1,0,0,1,1,0,1
"26","MTTP",28,"ABLA",NA,7.4,NA,0,"0",1,1,1,1,"0","0","BO","0",1,1,0,0,"0","0","0","0",0,0,0,0,"0","0","0",NA,0,0,0,0,"0","0","0",NA,0,0,0,0,"0","0","0",NA,0,0,0,0,"0","0","0",NA,0,0,0,0,"0","0","0",NA,0,0,0,0,"0","0","0",NA,NA,NA,NA,NA,1,2,3,4,NA,NA,NA,NA,0,0,0,0,0,"MTTP28",2767,28,NA,"Point",2257.063,NA,0.0577778535240335,0,0,0,0,"MTTP_28_1961","MTTP_24_1957",4.22312292074723,"MTTP_24_1957",4.22312292074723,"MTTP_34_1967",8.52869737199362,"MTTP_24_1957",4.22312292074723,NA,40.43487205,-111.6391058,40.43490731,-111.6391245,NA,-22.060025449026,40.43490731,-111.6391245,NA,-22.060025449026,40.43481469,-111.6391727,NA,-138.292485878903,40.43490731,-111.6391245,NA,-22.060025449026,0,0,0,0,1,2,0,2
"27","MTTP",29,"ABLA",NA,2.5,NA,0,"0",1,1,1,1,"0","0","0","0",2,2,1,1,"0","0","0","0",0,0,0,0,"0","0","0",NA,0,0,0,0,"0","0","0",NA,0,0,0,0,"0","0","0",NA,0,0,0,0,"0","0","0",NA,0,0,0,0,"0","0","0",NA,0,0,0,0,"0","0","0",NA,NA,NA,NA,NA,1,2,3,4,NA,NA,NA,NA,0,0,0,0,0,"MTTP29",2768,29,NA,"Point",2255.579,NA,0.0600879184299711,0,0,0,0,"MTTP_29_1962","MTTP_24_1957",3.58758375444278,"MTTP_24_1957",3.58758375444278,"MTTP_34_1967",7.48896954107742,"MTTP_24_1957",3.58758375444278,NA,40.43487653,-111.6391374,40.43490731,-111.6391245,NA,17.7573099643492,40.43490731,-111.6391245,NA,17.7573099643492,40.43481469,-111.6391727,NA,-156.434184963357,40.43490731,-111.6391245,NA,17.7573099643492,0,0,0,0,1,2,0,2
"28","MTTP",30,"ABLA",8.9,43.7,0,0,"0",1,1,1,1,"0","0","0","0",2,2,1,2,"0","0","0","0",0,0,0,0,"0","0","0",NA,0,0,0,0,"0","0","0",NA,0,0,0,0,"0","0","0",NA,0,0,0,0,"0","0","0",NA,0,0,0,0,"0","0","0",NA,0,0,0,0,"0","0","0",NA,NA,NA,NA,NA,1,2,3,4,NA,NA,NA,NA,0,0,0,0,0,"MTTP30",2769,30,NA,"Point",2257.994,NA,0.0607750830957442,0,0,0,0,"MTTP_30_1963","MTTP_34_1967",5.24140065881327,"MTTP_34_1967",5.24140065881327,"MTTP_34_1967",5.24140065881327,"MTTP_34_1967",5.24140065881327,NA,40.43485042,-111.6391323,40.43481469,-111.6391727,NA,-139.173369264512,40.43481469,-111.6391727,NA,-139.173369264512,40.43481469,-111.6391727,NA,-139.173369264512,40.43481469,-111.6391727,NA,-139.173369264512,0,0,0,0,4,3,3,4
"29","MTTP",31,"ABLA",NA,2.1,NA,0,"0",1,1,1,1,"0","0","0","0",2,2,2,2,"0","0","0","0",0,0,0,0,"0","0","0",NA,0,0,0,0,"0","0","0",NA,0,0,0,0,"0","0","0",NA,0,0,0,0,"0","0","0",NA,0,0,0,0,"0","0","0",NA,0,0,0,0,"0","0","0",NA,NA,NA,NA,NA,1,2,3,4,NA,NA,NA,NA,0,0,0,0,0,"MTTP31",2770,31,NA,"Point",2259.915,NA,0.0654424322842993,0,0,0,0,"MTTP_31_1964","MTTP_17_1950",1.68057833972209,"MTTP_34_1967",5.88462543658714,"MTTP_34_1967",5.88462543658714,"MTTP_32_1965",0.445055883815584,NA,40.43486384,-111.6391987,40.43487849,-111.6392037,NA,-14.6166198541744,40.43481469,-111.6391727,NA,157.99084742423,40.43481469,-111.6391727,NA,157.99084742423,40.43485989,-111.6391996,NA,-170.123667550702,0,0,0,0,1,0,0,0
"30","MTTP",32,"ABLA",18.7,81.4,9.3,0,"0",1,1,1,1,"0","0","BO","BO",2,2,2,2,"0","0","0","0",0,0,0,0,"0","0","0",NA,0,0,0,0,"0","0","0",NA,0,0,0,0,"0","0","0",NA,0,0,0,1,"0","0","0",NA,0,0,0,0,"0","0","0",NA,0,0,0,0,"0","0","0",NA,NA,NA,NA,NA,1,2,3,4,NA,NA,NA,NA,0,0,0,1,1,"MTTP32",2771,32,NA,"Point",2257.808,NA,0.0656666738194035,0,0,0,1,"MTTP_32_1965","MTTP_17_1950",2.09373063757501,"MTTP_34_1967",5.51174185584727,"MTTP_34_1967",5.51174185584727,"MTTP_16_1949",2.22234142547859,NA,40.43485989,-111.6391996,40.43487849,-111.6392037,NA,-9.56082104925709,40.43481469,-111.6391727,NA,155.546304369441,40.43481469,-111.6391727,NA,155.546304369441,40.43487977,-111.6392027,NA,-6.79491750405504,0,0,0,1,1,0,0,0
"31","MTTP",33,"ABLA",NA,6,NA,0,"0",1,1,1,1,"0","0","0","0",3,3,2,3,"0","0","0","0",0,0,0,0,"0","0","0",NA,0,0,0,0,"0","0","0",NA,0,0,0,0,"0","0","0",NA,0,0,0,0,"0","0","0",NA,0,0,0,0,"0","0","0",NA,0,0,0,0,"0","0","0",NA,NA,NA,NA,NA,1,2,3,4,NA,NA,NA,NA,0,0,0,0,0,"MTTP33",2772,33,NA,"Point",2257.618,NA,0.0649946439467741,0,0,0,0,"MTTP_33_1966","MTTP_34_1967",2.91922388765029,"MTTP_34_1967",2.91922388765029,"MTTP_34_1967",2.91922388765029,"MTTP_32_1965",2.70102348084325,NA,40.43484025,-111.6391808,40.43481469,-111.6391727,NA,166.387873581182,40.43481469,-111.6391727,NA,166.387873581182,40.43481469,-111.6391727,NA,166.387873581182,40.43485989,-111.6391996,NA,-36.1830260434679,0,0,0,0,4,3,3,4
"32","MTTP",34,"ABLA",24.1,89.7,0,0,"0",1,1,1,1,"BO","BO","BO","BO",2,2,2,3,"0","0","0","0",0,0,0,0,"0","0","0",NA,0,0,0,0,"0","0","0",NA,0,0,0,0,"0","0","0",NA,3,3,3,3,"4-7","4-9","4–8","4-6",1,0,0,1,"0","0","0",NA,0,0,0,0,"0","0","0",NA,NA,NA,NA,NA,1,2,3,4,NA,NA,NA,NA,1,1,1,1,0,"MTTP34",2773,34,NA,"Point",2251.742,NA,0.0655289122149466,1,1,1,1,"MTTP_34_1967","MTTP_17_1950",7.55433006243213,"MTTP_21_1954",11.0284607207965,"MTTP_51_1982",29.9450437970438,"MTTP_32_1965",5.51174185584727,NA,40.43481469,-111.6391727,40.43487849,-111.6392037,NA,-20.3688868362147,40.43491083,-111.6391399,NA,14.6113735846009,40.43505954,-111.6390245,NA,24.820240673297,40.43485989,-111.6391996,NA,-24.4536781836813,4,3,3,4,1,0,0,0
"33","MTTP",35,"ABLA",NA,6.8,NA,0,"0",1,1,1,1,"0","0","0","0",1,NA,0,0,"0","0","0","0",0,0,0,0,"0","0","0",NA,0,0,0,0,"0","0","0",NA,0,0,0,0,"0","0","0",NA,0,0,0,0,"0","0","0",NA,0,0,0,0,"0","0","0",NA,0,0,0,0,"0","0","0",NA,NA,NA,NA,NA,1,2,3,4,NA,NA,NA,NA,0,0,0,0,0,"MTTP35",2774,35,NA,"Point",2252.992,NA,0.062668668418458,0,0,0,0,"MTTP_35_1968","MTTP_34_1967",3.52370923742927,"MTTP_34_1967",3.52370923742927,"MTTP_34_1967",3.52370923742927,"MTTP_34_1967",3.52370923742927,NA,40.43480957,-111.6391317,40.43481469,-111.6391727,NA,-80.718301125442,40.43481469,-111.6391727,NA,-80.718301125442,40.43481469,-111.6391727,NA,-80.718301125442,40.43481469,-111.6391727,NA,-80.718301125442,0,0,0,0,4,3,3,4
"34","MTTP",36,"ABLA",1.3,7.9,1.3,0,"0",1,1,1,1,"0","0","0","0",1,1,2,2,"0","0","0","0",0,0,0,0,"0","0","0",NA,0,0,0,0,"0","0","0",NA,0,0,0,0,"0","0","0",NA,0,0,0,0,"0","0","0",NA,0,0,0,0,"0","0","0",NA,0,0,0,0,"0","0","0",NA,NA,NA,NA,NA,1,2,3,4,NA,NA,NA,NA,0,0,0,0,0,"MTTP36",2775,36,NA,"Point",2255.375,NA,0.06460817069824,0,0,0,0,"MTTP_36_1969","MTTP_34_1967",2.70032723073667,"MTTP_34_1967",2.70032723073667,"MTTP_34_1967",2.70032723073667,"MTTP_34_1967",2.70032723073667,NA,40.43479795,-111.6391496,40.43481469,-111.6391727,NA,-46.5175140473621,40.43481469,-111.6391727,NA,-46.5175140473621,40.43481469,-111.6391727,NA,-46.5175140473621,40.43481469,-111.6391727,NA,-46.5175140473621,0,0,0,0,4,3,3,4
"35","MTTP",37,"ABLA",1.4,8.8,0,0,"0",1,1,1,1,"0","0","0","0",2,2,0,0,"0","0","0","0",0,0,0,0,"0","0","0",NA,0,0,0,0,"0","0","0",NA,0,0,0,0,"0","0","0",NA,0,0,0,0,"0","0","0",NA,0,0,0,0,"0","0","0",NA,0,0,0,0,"0","0","0",NA,NA,NA,NA,NA,1,2,3,4,NA,NA,NA,NA,0,0,0,0,0,"MTTP37",2776,37,NA,"Point",2255.196,NA,0.0675858563851592,0,0,0,0,"MTTP_37_1970","MTTP_34_1967",3.7671144234566,"MTTP_34_1967",3.7671144234566,"MTTP_34_1967",3.7671144234566,"MTTP_34_1967",3.7671144234566,NA,40.43478096,-111.6391776,40.43481469,-111.6391727,NA,6.33413708037543,40.43481469,-111.6391727,NA,6.33413708037543,40.43481469,-111.6391727,NA,6.33413708037543,40.43481469,-111.6391727,NA,6.33413708037543,0,0,0,0,4,3,3,4
"36","MTTP",38,"ABLA",1,7,0.8,0,"0",1,1,1,1,"0","0","0","0",2,2,2,2,"0","0","0","0",0,0,0,0,"0","0","0",NA,0,0,0,0,"0","0","0",NA,0,0,0,0,"0","0","0",NA,0,0,0,0,"0","0","0",NA,0,0,0,0,"0","0","0",NA,0,0,0,0,"0","0","0",NA,NA,NA,NA,NA,1,2,3,4,NA,NA,NA,NA,0,0,0,0,0,"MTTP38",2777,38,NA,"Point",2255.44,NA,0.0668012840483753,0,0,0,0,"MTTP_38_1971","MTTP_34_1967",2.02742263941676,"MTTP_34_1967",2.02742263941676,"MTTP_34_1967",2.02742263941676,"MTTP_34_1967",2.02742263941676,NA,40.43479688,-111.639178,40.43481469,-111.6391727,NA,12.8106551284977,40.43481469,-111.6391727,NA,12.8106551284977,40.43481469,-111.6391727,NA,12.8106551284977,40.43481469,-111.6391727,NA,12.8106551284977,0,0,0,0,4,3,3,4
"37","MTTP",39,"ABLA",1.9,12.4,0,0,"0",1,1,1,1,"0","0","0","0",1,NA,0,0,"0","0","0","0",0,0,0,0,"0","0","0",NA,0,0,0,0,"0","0","0",NA,0,0,0,0,"0","0","0",NA,0,0,0,0,"0","0","0",NA,0,0,0,0,"0","0","0",NA,0,0,0,0,"0","0","0",NA,NA,NA,NA,NA,1,2,3,4,NA,NA,NA,NA,0,0,0,0,0,"MTTP39",2778,39,NA,"Point",2256.339,NA,0.0533362175357649,0,0,0,0,"MTTP_39_1972","MTTP_24_1957",10.9634514545171,"MTTP_24_1957",10.9634514545171,"MTTP_34_1967",12.5479102921418,"MTTP_24_1957",10.9634514545171,NA,40.43484092,-111.6390288,40.43490731,-111.6391245,NA,-47.7640754436641,40.43490731,-111.6391245,NA,-47.7640754436641,40.43481469,-111.6391727,NA,-103.417069360902,40.43490731,-111.6391245,NA,-47.7640754436641,0,0,0,0,1,2,0,2
"38","MTTP",40,"ABLA",NA,2.9,NA,0,"0",1,1,1,1,"0","0","0","0",2,2,1,1,"0","0","0","0",0,0,0,0,"0","0","0",NA,0,0,0,0,"0","0","0",NA,0,0,0,0,"0","0","0",NA,0,0,0,0,"0","0","0",NA,0,0,0,0,"0","0","0",NA,0,0,0,0,"0","0","0",NA,NA,NA,NA,NA,1,2,3,4,NA,NA,NA,NA,0,0,0,0,0,"MTTP40",2779,40,NA,"Point",2256.432,NA,0.0397183176323761,0,0,0,0,"MTTP_40_1973","MTTP_63_1993",4.02605231942579,"MTTP_41_1974",3.27053771866664,"MTTP_41_1974",3.27053771866664,"MTTP_41_1974",3.27053771866664,NA,40.43503254,-111.6389401,40.43501718,-111.6388971,NA,115.055219486063,40.43504422,-111.6389047,NA,66.6453504197817,40.43504422,-111.6389047,NA,66.6453504197817,40.43504422,-111.6389047,NA,66.6453504197817,0,0,0,0,9,12,10,11
"39","MTTP",41,"ABLA",16.9,67.9,0,1,"0",1,1,1,1,"0","BO","BO","BO",NA,NA,1,1,"0","0","0","0",0,1,2,2,"0","0","0",NA,0,0,0,1,"0","0","0",NA,0,1,0,0,"0","0","0",NA,0,1,0,2,"0","0","0",NA,0,0,0,1,"0","0","0",NA,0,0,0,0,"0","0","0",NA,"1 DB","1 DB","1 DB","1 DB",1,2,3,4,NA,NA,NA,NA,0,1,1,1,1,"MTTP41",2780,41,NA,"Point",2253.04,NA,0.0366246658539158,0,1,1,1,"MTTP_41_1974","MTTP_63_1993",3.06995130367518,"MTTP_63_1993",3.06995130367518,"MTTP_63_1993",3.06995130367518,"MTTP_63_1993",3.06995130367518,NA,40.43504422,-111.6389047,40.43501718,-111.6388971,NA,167.878949531628,40.43501718,-111.6388971,NA,167.878949531628,40.43501718,-111.6388971,NA,167.878949531628,40.43501718,-111.6388971,NA,167.878949531628,0,3,2,6,9,12,10,11
"40","MTTP",42,"ABLA",NA,1.4,NA,0,"0",1,1,1,1,"0","0","0","0",2,1,1,1,"0","0","0","0",0,0,0,0,"0","0","0",NA,0,0,0,0,"0","0","0",NA,0,0,0,0,"0","0","0",NA,0,0,0,0,"0","0","0",NA,0,0,0,0,"0","0","0",NA,0,0,0,0,"0","0","0",NA,NA,NA,NA,NA,1,2,3,4,NA,NA,NA,NA,0,0,0,0,0,"MTTP42",2781,42,NA,"Point",2257.168,NA,0.0387188530054947,0,0,0,0,"MTTP_42_1975","MTTP_63_1993",5.03377285234459,"MTTP_41_1974",2.4622096572908,"MTTP_41_1974",2.4622096572908,"MTTP_41_1974",2.4622096572908,NA,40.43505482,-111.6389302,40.43501718,-111.6388971,NA,146.10089916586,40.43504422,-111.6389047,NA,118.546675374583,40.43504422,-111.6389047,NA,118.546675374583,40.43504422,-111.6389047,NA,118.546675374583,0,0,0,0,9,12,10,11
"41","MTTP",43,"ABLA",14.1,74,4.9,0,"0",1,1,1,1,"0","BO","BO","BO",3,3,2,2,"0","0","0","0",0,2,0,1,"0","0","0",NA,0,0,0,0,"0","0","0",NA,0,0,0,0,"0","0","0",NA,0,2,0,0,"0","0","0",NA,0,0,0,0,"0","0","0",NA,0,1,0,0,"0","0","0",NA,NA,NA,NA,NA,1,2,3,4,NA,NA,NA,NA,0,1,0,1,1,"MTTP43",2782,43,NA,"Point",2256.478,NA,0.0412434289818156,0,1,0,1,"MTTP_43_1976","MTTP_51_1982",5.55099898100422,"MTTP_41_1974",5.47351029847869,"MTTP_41_1974",5.47351029847869,"MTTP_41_1974",5.47351029847869,NA,40.43506925,-111.6389603,40.43505954,-111.6390245,NA,-101.196197387204,40.43504422,-111.6389047,NA,120.504582347596,40.43504422,-111.6389047,NA,120.504582347596,40.43504422,-111.6389047,NA,120.504582347596,0,5,0,1,6,8,4,8
"42","MTTP",44,"ABLA",NA,3.5,NA,0,"0",1,1,1,1,"0","0","0","0",2,2,2,2,"0","0","0","0",0,0,0,0,"0","0","0",NA,0,0,0,0,"0","0","0",NA,0,0,0,0,"0","0","0",NA,0,0,0,0,"0","0","0",NA,0,0,0,0,"0","0","0",NA,0,0,0,0,"0","0","0",NA,NA,NA,NA,NA,1,2,3,4,NA,NA,NA,NA,0,0,0,0,0,"MTTP44",2783,44,NA,"Point",2257.06,NA,0.0425460511863965,0,0,0,0,"MTTP_44_1977","MTTP_51_1982",4.22029784399833,"MTTP_43_1976",1.33071013541866,"MTTP_51_1982",4.22029784399833,"MTTP_43_1976",1.33071013541866,NA,40.43506696,-111.6389757,40.43505954,-111.6390245,NA,-101.254137485912,40.43506925,-111.6389603,NA,78.9875161140405,40.43505954,-111.6390245,NA,-101.254137485912,40.43506925,-111.6389603,NA,78.9875161140405,0,0,0,0,6,8,4,8
"43","MTTP",45,"ABLA",3.6,19.6,0,0,"0",1,1,1,1,"0","BO","BO","BO",2,2,2,2,"0","0","0","0",0,0,0,0,"0","0","0",NA,0,1,0,0,"0","0","0",NA,0,1,0,0,"0","0","0",NA,0,0,0,0,"0","0","0",NA,0,1,0,1,"0","0","0",NA,0,0,0,0,"0","0","0",NA,NA,NA,NA,NA,1,2,3,4,NA,NA,NA,NA,0,1,0,1,1,"MTTP45",2784,45,NA,"Point",2257.733,NA,0.0466807100393474,0,1,0,1,"MTTP_45_1978","MTTP_51_1982",2.23898676221694,"MTTP_50_1981",0.94659370662033,"MTTP_51_1982",2.23898676221694,"MTTP_51_1982",2.23898676221694,NA,40.43507971,-111.6390243,40.43505954,-111.6390245,NA,-179.565893514164,40.43507563,-111.6390341,NA,-118.583722636764,40.43505954,-111.6390245,NA,-179.565893514164,40.43505954,-111.6390245,NA,-179.565893514164,0,3,0,1,6,8,4,8
"44","MTTP",46,"ABLA",16.3,77.3,8.4,0,"0",1,1,1,1,"0","BO","BO","BO",NA,2,0,0,"0","0","0","0",0,1,0,1,"0","0","0",NA,0,0,0,0,"0","0","0",NA,0,0,0,0,"0","0","0",NA,0,0,0,0,"0","0","0",NA,0,1,0,0,"0","0","0",NA,0,0,0,0,"0","0","0",NA,NA,NA,NA,NA,1,2,3,4,NA,NA,NA,NA,0,1,0,1,1,"MTTP46",2785,46,NA,"Point",2257.632,NA,0.048614335021177,0,1,0,1,"MTTP_46_1979","MTTP_51_1982",4.36937050475493,"MTTP_50_1981",2.40657211965645,"MTTP_51_1982",4.36937050475493,"MTTP_45_1978",2.5341926403149,NA,40.43509524,-111.6390462,40.43505954,-111.6390245,NA,155.08696419962,40.43507563,-111.6390341,NA,154.756946481092,40.43505954,-111.6390245,NA,155.08696419962,40.43507971,-111.6390243,NA,132.862739558475,0,2,0,1,6,8,4,8
"45","MTTP",47,"ABLA",15.7,69,12.4,0,"0",1,1,1,1,"0","BO","BO","BO",NA,2,0,0,"0","0","0","0",0,1,0,1,"0","0","0",NA,0,0,0,0,"0","0","0",NA,0,0,0,0,"0","0","0",NA,0,0,0,0,"0","0","0",NA,0,1,0,0,"0","0","0",NA,0,0,0,0,"0","0","0",NA,NA,NA,NA,NA,1,2,3,4,NA,NA,NA,NA,0,1,0,1,1,"MTTP47",NA,47,NA,"Point",2257.632,NA,0.048614335021177,0,1,0,1,"MTTP_47_1980","MTTP_51_1982",4.36937050475493,"MTTP_50_1981",2.40657211965645,"MTTP_51_1982",4.36937050475493,"MTTP_45_1978",2.5341926403149,NA,40.43509524,-111.6390462,40.43505954,-111.6390245,NA,155.08696419962,40.43507563,-111.6390341,NA,154.756946481092,40.43505954,-111.6390245,NA,155.08696419962,40.43507971,-111.6390243,NA,132.862739558475,0,2,0,1,6,8,4,8
"46","MTTP",50,"ABLA",3.3,21.2,6.6,0,"0",1,1,1,1,"0","BO","BO","0",2,2,1,1,"0","0","0","0",0,0,0,0,"0","0","0",NA,0,0,0,0,"0","0","0",NA,0,0,0,0,"0","0","0",NA,0,0,0,0,"0","0","0",NA,0,1,0,0,"0","0","0",NA,0,0,0,0,"0","0","0",NA,NA,NA,NA,NA,1,2,3,4,NA,NA,NA,NA,0,1,0,0,1,"MTTP50",2786,50,NA,"Point",2258.112,NA,0.0474984306552991,0,1,0,0,"MTTP_50_1981","MTTP_51_1982",1.96288724995558,"MTTP_45_1978",0.94659370662033,"MTTP_51_1982",1.96288724995558,"MTTP_45_1978",0.94659370662033,NA,40.43507563,-111.6390341,40.43505954,-111.6390245,NA,155.491587064416,40.43507971,-111.6390243,NA,61.4162710070928,40.43505954,-111.6390245,NA,155.491587064416,40.43507971,-111.6390243,NA,61.4162710070928,0,1,0,0,6,8,4,8
"47","MTTP",51,"ABLA",6.4,39.4,0,0,"0",1,1,1,1,"BO","BO","BO","BO",1,2,2,2,"0","0","0","0",2,2,2,2,"0","0","0",NA,2,2,2,2,"0","0","0",NA,1,1,0,1,"0","0","0",NA,0,1,0,1,"0","0","0",NA,0,1,0,1,"0","0","0",NA,1,1,0,1,"0","0","0",NA,NA,NA,NA,NA,1,2,3,4,NA,NA,NA,NA,1,1,1,1,0,"MTTP51",2787,51,NA,"Point",2257.603,NA,0.0466836154068711,1,1,1,1,"MTTP_51_1982","MTTP_5_1939",5.53324027130894,"MTTP_50_1981",1.96288724995558,"MTTP_41_1974",10.3025842630118,"MTTP_45_1978",2.23898676221694,NA,40.43505954,-111.6390245,40.43505788,-111.6390897,NA,-91.9083580025305,40.43507563,-111.6390341,NA,-24.5084067091601,40.43504422,-111.6389047,NA,99.5007674334217,40.43507971,-111.6390243,NA,0.434106356118358,6,8,4,8,1,0,0,1
"48","MTTP",52,"ABLA",1.4,9.1,0,0,"0",1,1,1,1,"0","0","0","0",2,2,2,2,"0","0","0","0",0,0,0,0,"0","0","0",NA,0,0,0,0,"0","0","0",NA,0,0,0,0,"0","0","0",NA,0,0,0,0,"0","0","0",NA,0,0,0,0,"0","0","0",NA,0,0,0,0,"0","0","0",NA,NA,NA,NA,NA,1,2,3,4,NA,NA,NA,NA,0,0,0,0,0,"MTTP52",2788,52,NA,"Point",2252.9,NA,0.0503991703383127,0,0,0,0,"MTTP_52_1983","MTTP_5_1939",2.91167428054708,"MTTP_46_1979",2.64803422099056,"MTTP_51_1982",4.26377225040977,"MTTP_46_1979",2.64803422099056,NA,40.43507839,-111.6390683,40.43505788,-111.6390897,NA,-141.43565925612,40.43509524,-111.6390462,NA,45.0626594810722,40.43505954,-111.6390245,NA,119.389147213054,40.43509524,-111.6390462,NA,45.0626594810722,0,0,0,0,1,0,0,1
"49","MTTP",53,"ABLA",NA,2.7,NA,0,"0",1,1,1,1,"0","0","0","0",2,1,1,1,"0","0","0","0",0,0,0,0,"0","0","0",NA,0,0,0,0,"0","0","0",NA,0,0,0,0,"0","0","0",NA,0,0,0,0,"0","0","0",NA,0,0,0,0,"0","0","0",NA,0,0,0,0,"0","0","0",NA,NA,NA,NA,NA,1,2,3,4,NA,NA,NA,NA,0,0,0,0,0,"MTTP53",2789,53,NA,"Point",2255.835,NA,0.0429780609365258,0,0,0,0,"MTTP_53_1984","MTTP_58_1989",5.87049321417297,"MTTP_58_1989",5.87049321417297,"MTTP_58_1989",5.87049321417297,"MTTP_58_1989",5.87049321417297,NA,40.43515123,-111.6389686,40.43513711,-111.6389019,NA,105.485147829665,40.43513711,-111.6389019,NA,105.485147829665,40.43513711,-111.6389019,NA,105.485147829665,40.43513711,-111.6389019,NA,105.485147829665,0,0,0,0,9,8,4,5
"50","MTTP",54,"ABLA",NA,4.4,NA,0,"0",1,1,1,1,"0","0","BO","BO",3,3,1,1,"0","0","0","0",0,0,0,0,"0","0","0",NA,0,0,0,0,"0","0","0",NA,0,0,0,0,"0","0","0",NA,0,0,0,1,"0","0","0",NA,0,0,0,1,"0","0","0",NA,0,0,0,0,"0","0","0",NA,NA,NA,NA,NA,1,2,3,4,NA,NA,NA,NA,0,0,0,1,1,"MTTP54",2790,54,NA,"Point",2256.39,NA,0.039956937819827,0,0,0,1,"MTTP_54_1985","MTTP_58_1989",5.89486443398406,"MTTP_58_1989",5.89486443398406,"MTTP_58_1989",5.89486443398406,"MTTP_58_1989",5.89486443398406,NA,40.43518893,-111.6389171,40.43513711,-111.6389019,NA,167.36697194963,40.43513711,-111.6389019,NA,167.36697194963,40.43513711,-111.6389019,NA,167.36697194963,40.43513711,-111.6389019,NA,167.36697194963,0,0,0,2,9,8,4,5
"51","MTTP",55,"ABLA",NA,5.5,NA,0,"0",1,1,1,1,"0","0","0","0",3,2,1,1,"0","0","0","0",0,0,0,0,"0","0","0",NA,0,0,0,0,"0","0","0",NA,0,0,0,0,"0","0","0",NA,0,0,0,0,"0","0","0",NA,0,0,0,0,"0","0","0",NA,0,0,0,0,"0","0","0",NA,NA,NA,NA,NA,1,2,3,4,NA,NA,NA,NA,0,0,0,0,0,"MTTP55",2791,55,NA,"Point",2254.386,NA,0.0357812275682782,0,0,0,0,"MTTP_55_1986","MTTP_58_1989",6.23112701125563,"MTTP_58_1989",6.23112701125563,"MTTP_58_1989",6.23112701125563,"MTTP_54_1985",4.36332300253863,NA,40.435186,-111.6388658,40.43513711,-111.6389019,NA,-150.567662499604,40.43513711,-111.6389019,NA,-150.567662499604,40.43513711,-111.6389019,NA,-150.567662499604,40.43518893,-111.6389171,NA,-85.7252499286011,0,0,0,0,9,8,4,5
"52","MTTP",56,"ABLA",NA,3.1,NA,0,"0",1,1,1,1,"0","0","0","0",3,3,2,2,"0","0","0","0",0,0,0,0,"0","0","0",NA,0,0,0,0,"0","0","0",NA,0,0,0,0,"0","0","0",NA,0,0,0,0,"0","0","0",NA,0,0,0,0,"0","0","0",NA,0,0,0,0,"0","0","0",NA,NA,NA,NA,NA,1,2,3,4,NA,NA,NA,NA,0,0,0,0,0,"MTTP56",2792,56,NA,"Point",2253.23,NA,0.0378521556893841,0,0,0,0,"MTTP_56_1987","MTTP_58_1989",0.942911091445275,"MTTP_58_1989",0.942911091445275,"MTTP_58_1989",0.942911091445275,"MTTP_58_1989",0.942911091445275,NA,40.43514383,-111.6389087,40.43513711,-111.6389019,NA,142.288477576925,40.43513711,-111.6389019,NA,142.288477576925,40.43513711,-111.6389019,NA,142.288477576925,40.43513711,-111.6389019,NA,142.288477576925,0,0,0,0,9,8,4,5
"53","MTTP",57,"ABLA",NA,2.9,NA,0,"0",1,1,1,1,"0","0","0","BO",3,3,2,3,"0","0","0","0",0,0,0,1,"0","0","0",NA,0,0,0,0,"0","0","0",NA,0,0,0,0,"0","0","0",NA,0,0,0,0,"0","0","0",NA,0,0,0,0,"0","0","0",NA,0,0,0,0,"0","0","0",NA,NA,NA,NA,NA,1,2,3,4,NA,NA,NA,NA,0,0,0,1,1,"MTTP57",2793,57,NA,"Point",2254.326,NA,0.0347333164073381,0,0,0,1,"MTTP_57_1988","MTTP_58_1989",2.77636039792552,"MTTP_58_1989",2.77636039792552,"MTTP_58_1989",2.77636039792552,"MTTP_58_1989",2.77636039792552,NA,40.43512061,-111.6388773,40.43513711,-111.6389019,NA,-48.723599554792,40.43513711,-111.6389019,NA,-48.723599554792,40.43513711,-111.6389019,NA,-48.723599554792,40.43513711,-111.6389019,NA,-48.723599554792,0,0,0,1,9,8,4,5
"54","MTTP",58,"ABLA",13.8,64.4,7.6,0,"0",1,1,1,1,"BO","BO","BO","BO",3,3,2,2,"0","0","0","0",2,2,0,1,"1-2","1-1","0",NA,2,2,0,0,"0","0","0",NA,0,0,0,0,"0","0","0",NA,2,2,2,2,"0","0","0",NA,2,2,2,2,"0","0","0",NA,1,0,0,0,"0","0","0",NA,NA,NA,NA,NA,1,2,3,4,NA,NA,NA,NA,1,1,1,1,0,"MTTP58",2794,58,NA,"Point",2254.259,NA,0.0371276588223813,1,1,1,1,"MTTP_58_1989","MTTP_95_2021",8.374765257539,"MTTP_94_2020",8.88132784806862,"MTTP_95_2021",8.374765257539,"MTTP_57_1988",2.77636039792552,NA,40.43513711,-111.6389019,40.43507864,-111.6388395,NA,140.80370288971,40.43507241,-111.6388403,NA,143.964030422232,40.43507864,-111.6388395,NA,140.80370288971,40.43512061,-111.6388773,NA,131.276384489975,9,8,4,5,7,0,10,12
"55","MTTP",59,"ABLA",14.5,64.3,3.6,0,"0",1,1,1,1,"BO","BO","BO","BO",2,2,2,2,"0","0","0","0",2,2,0,1,"1-2","1-1","0",NA,2,2,0,0,"0","0","0",NA,0,1,0,0,"0","0","0",NA,2,2,2,2,"0","0","0",NA,2,2,2,2,"0","0","0",NA,2,1,0,0,"0","0","0",NA,NA,NA,NA,NA,1,2,3,4,NA,NA,NA,NA,1,1,1,1,0,"MTTP59",NA,59,NA,"Point",2254.259,NA,0.0371276588223813,1,1,1,1,"MTTP_59_1990","MTTP_95_2021",8.374765257539,"MTTP_94_2020",8.88132784806862,"MTTP_95_2021",8.374765257539,"MTTP_57_1988",2.77636039792552,NA,40.43513711,-111.6389019,40.43507864,-111.6388395,NA,140.80370288971,40.43507241,-111.6388403,NA,143.964030422232,40.43507864,-111.6388395,NA,140.80370288971,40.43512061,-111.6388773,NA,131.276384489975,10,10,4,5,7,0,10,12
"56","MTTP",61,"ABLA",5.5,36.3,3.5,0,"0",1,1,1,1,"BO","BO","BO","BO",2,2,2,2,"0","0","0","0",1,2,0,1,"0","3-0","0",NA,1,2,0,1,"0","1-0","0",NA,0,1,0,1,"0","0","0",NA,0,2,0,1,"0","0","0",NA,1,1,0,1,"2-1","2-1","0",NA,1,2,0,1,"0","0","0",NA,NA,NA,NA,NA,1,2,3,4,NA,NA,NA,NA,1,1,0,1,0,"MTTP61",2796,61,NA,"Point",2260.535,NA,0.0315743145285226,1,1,0,1,"MTTP_61_1991","MTTP_80_2007",2.17289263427326,"MTTP_62_1992",1.99328126263665,"MTTP_80_2007",2.17289263427326,"MTTP_80_2007",2.17289263427326,NA,40.43505139,-111.6388455,40.43503272,-111.6388378,NA,162.508242521219,40.43505127,-111.638822,NA,90.3828802841106,40.43503272,-111.6388378,NA,162.508242521219,40.43503272,-111.6388378,NA,162.508242521219,4,10,0,6,14,14,13,13
"57","MTTP",62,"ABLA",1.2,7.9,1.6,0,"0",1,1,1,1,"0","BO","0","0",2,2,2,2,"0","0","0","0",0,0,0,0,"0","0","0",NA,0,0,0,0,"0","0","0",NA,0,0,0,0,"0","0","0",NA,0,0,0,0,"0","0","0",NA,0,0,0,0,"0","0","0",NA,0,1,0,0,"0","0","0",NA,NA,NA,NA,NA,1,2,3,4,NA,NA,NA,NA,0,1,0,0,1,"MTTP62",2797,62,NA,"Point",2260.31,NA,0.0295893855317675,0,1,0,0,"MTTP_62_1992","MTTP_91_2017",1.34960844535542,"MTTP_91_2017",1.34960844535542,"MTTP_91_2017",1.34960844535542,"MTTP_91_2017",1.34960844535542,NA,40.43505127,-111.638822,40.43506145,-111.6388133,NA,33.1455082727739,40.43506145,-111.6388133,NA,33.1455082727739,40.43506145,-111.6388133,NA,33.1455082727739,40.43506145,-111.6388133,NA,33.1455082727739,0,1,0,0,9,8,6,6
"58","MTTP",63,"ABLA",17.1,64.8,19.7,0,"0",1,1,1,1,"BO","BO","BO","BO",NA,NA,NA,NA,"0","0","0","0",2,2,2,2,"3-1","3-1","3–1","3-1",2,2,2,2,"2-2","2-2","2–1","2-1",2,2,2,2,"0","0","0",NA,2,2,2,2,"0","2-0","2–0","2-0",1,2,2,2,"0","0","0",NA,0,2,0,1,"0","0","0",NA,NA,NA,"bifur","bifur",1,2,3,4,NA,NA,NA,NA,1,1,1,1,0,"MTTP63",2798,63,NA,"Point",2264.026,NA,0.0363187242998865,1,1,1,1,"MTTP_63_1993","MTTP_69_1998",1.50170154772623,"MTTP_69_1998",1.50170154772623,"MTTP_67_1996",1.85134859169659,"MTTP_69_1998",1.50170154772623,NA,40.43501718,-111.6388971,40.43500646,-111.6388863,NA,142.410333660211,40.43500646,-111.6388863,NA,142.410333660211,40.43500939,-111.6388778,NA,117.844295484107,40.43500646,-111.6388863,NA,142.410333660211,9,12,10,11,1,1,0,1
"59","MTTP",64,"ABLA",15.9,76.4,33.7,0,"0",1,1,1,1,"BO","BO","BO","BO",NA,NA,NA,NA,"0","0","0","0",2,2,2,2,"3-1","3-1","3–1","3-1",2,2,2,2,"2-2","2-2","2–1","2-1",0,2,2,1,"0","0","0",NA,2,2,2,2,"0","2-0","2–0","2-0",1,2,2,2,"0","4-0","4–0","4-0",0,0,2,2,"0","0","0",NA,NA,NA,"–11–","–11–",1,2,3,4,NA,NA,NA,NA,1,1,1,1,0,"MTTP64",NA,64,NA,"Point",2264.026,NA,0.0363187242998865,1,1,1,1,"MTTP_64_1994","MTTP_69_1998",1.50170154772623,"MTTP_69_1998",1.50170154772623,"MTTP_67_1996",1.85134859169659,"MTTP_69_1998",1.50170154772623,NA,40.43501718,-111.6388971,40.43500646,-111.6388863,NA,142.410333660211,40.43500646,-111.6388863,NA,142.410333660211,40.43500939,-111.6388778,NA,117.844295484107,40.43500646,-111.6388863,NA,142.410333660211,7,10,12,11,1,1,0,1
"60","MTTP",66,"ABLA",1.2,6.9,5.7,0,"0",1,1,1,1,"0","BO","BO","BR, BO",1,1,2,2,"0","0","0","0",0,1,0,1,"0","0","0",NA,0,0,0,1,"0","0","0",NA,0,1,0,1,"0","0","0",NA,0,0,0,0,"0","0","0",NA,0,0,0,1,"0","0","0",NA,0,0,0,0,"0","0","0",NA,NA,NA,NA,NA,1,2,3,4,NA,NA,NA,NA,0,1,0,1,1,"MTTP66",2800,66,NA,"Point",2255.401,NA,0.0332887932983682,0,1,0,1,"MTTP_66_1995","MTTP_71_1999",1.47527644484354,"MTTP_71_1999",1.47527644484354,"MTTP_71_1999",1.47527644484354,"MTTP_71_1999",1.47527644484354,NA,40.43501979,-111.6388614,40.43501407,-111.6388457,NA,115.491905281311,40.43501407,-111.6388457,NA,115.491905281311,40.43501407,-111.6388457,NA,115.491905281311,40.43501407,-111.6388457,NA,115.491905281311,0,2,0,4,8,12,12,12
"61","MTTP",67,"ABLA",10.4,56.1,1.7,0,"0",1,1,1,1,"BO","BO","BO","BO",3,3,3,3,"0","0","0","0",1,1,2,2,"0","0","0",NA,0,1,0,1,"0","0","0",NA,0,0,0,0,"0","0","0",NA,0,1,0,2,"0","0","0",NA,0,0,0,0,"0","0","0",NA,0,0,0,0,"0","0","0",NA,NA,NA,NA,NA,1,2,3,4,NA,NA,NA,NA,1,1,1,1,0,"MTTP67",2801,67,NA,"Point",2254.278,NA,0.0348540338156276,1,1,1,1,"MTTP_67_1996","MTTP_69_1998",0.790923878504457,"MTTP_69_1998",0.790923878504457,"MTTP_63_1993",1.85134859169659,"MTTP_69_1998",0.790923878504457,NA,40.43500939,-111.6388778,40.43500646,-111.6388863,NA,-114.281008746563,40.43500646,-111.6388863,NA,-114.281008746563,40.43501718,-111.6388971,NA,-62.1556919981996,40.43500646,-111.6388863,NA,-114.281008746563,1,3,2,5,1,1,0,1
"62","MTTP",68,"ABLA",10.7,65,1.2,0,"0",1,1,1,1,"BO","BO","BO","BO",3,3,3,3,"0","0","0","0",1,1,2,2,"0","0","0",NA,0,0,0,1,"0","0","0",NA,1,0,0,0,"0","0","0",NA,0,1,0,2,"0","0","0",NA,0,0,0,1,"0","0","0",NA,0,0,0,0,"0","0","0",NA,NA,NA,NA,NA,1,2,3,4,NA,NA,NA,NA,1,1,1,1,0,"MTTP68",NA,68,NA,"Point",2254.278,NA,0.0348540338156276,1,1,1,1,"MTTP_68_1997","MTTP_69_1998",0.790923878504457,"MTTP_69_1998",0.790923878504457,"MTTP_63_1993",1.85134859169659,"MTTP_69_1998",0.790923878504457,NA,40.43500939,-111.6388778,40.43500646,-111.6388863,NA,-114.281008746563,40.43500646,-111.6388863,NA,-114.281008746563,40.43501718,-111.6388971,NA,-62.1556919981996,40.43500646,-111.6388863,NA,-114.281008746563,2,2,2,6,1,1,0,1
"63","MTTP",69,"ABLA",NA,4.9,NA,0,"0",1,1,1,1,"BO","BO","0","BO",3,3,3,3,"0","0","0","0",1,0,0,1,"0","0","0",NA,0,0,0,0,"0","0","0",NA,0,0,0,0,"0","0","0",NA,0,1,0,0,"0","0","0",NA,0,0,0,0,"0","0","0",NA,0,0,0,0,"0","0","0",NA,NA,NA,NA,NA,1,2,3,4,NA,NA,NA,NA,1,1,0,1,0,"MTTP69",2802,69,NA,"Point",2261.495,NA,0.0356215543173332,1,1,0,1,"MTTP_69_1998","MTTP_67_1996",0.790923878504457,"MTTP_67_1996",0.790923878504457,"MTTP_67_1996",0.790923878504457,"MTTP_67_1996",0.790923878504457,NA,40.43500646,-111.6388863,40.43500939,-111.6388778,NA,65.718985740464,40.43500939,-111.6388778,NA,65.718985740464,40.43500939,-111.6388778,NA,65.718985740464,40.43500939,-111.6388778,NA,65.718985740464,1,1,0,1,1,3,2,5
"64","MTTP",71,"ABLA",7,53.7,22,0,"0",1,1,1,1,"BO","BO","BO","BO",NA,NA,NA,NA,"0","0","0","0",2,2,2,2,"3-0","3-0","0","3-1",1,2,2,2,"0","1-0","0",NA,2,2,2,2,"0","0","0",NA,2,2,2,2,"0","4-0","0","4-2",1,2,2,2,"0","0","0","4-3",0,2,2,2,"0","0","0",NA,NA,NA,NA,NA,1,2,3,4,NA,NA,NA,NA,1,1,1,1,0,"MTTP71",2804,71,NA,"Point",2256.337,NA,0.0320878841522645,1,1,1,1,"MTTP_71_1999","MTTP_74_2001",0.445572059965109,"MTTP_74_2001",0.445572059965109,"MTTP_74_2001",0.445572059965109,"MTTP_74_2001",0.445572059965109,NA,40.43501407,-111.6388457,40.4350135,-111.6388405,NA,98.1636250311542,40.4350135,-111.6388405,NA,98.1636250311542,40.4350135,-111.6388405,NA,98.1636250311542,40.4350135,-111.6388405,NA,98.1636250311542,8,12,12,12,21,21,22,23
"65","MTTP",72,"ABLA",8.6,29.9,0,0,"0",1,1,1,1,"BO","BO","BO","BO",3,3,2,2,"0","0","0","0",2,2,2,2,"1-2","1-1","1–1","1-1",2,2,2,2,"0","0","0",NA,2,2,2,2,"0","1-0","1–1","1-0",2,2,2,2,"0","4-1","4–0",NA,1,2,2,2,"0","0","0",NA,1,2,0,2,"0","0","0",NA,NA,NA,NA,NA,1,2,3,4,NA,NA,NA,NA,1,1,1,1,0,"MTTP72",2805,72,NA,"Point",2257.006,NA,0.0320246146324652,1,1,1,1,"MTTP_72_2000","MTTP_74_2001",2.14453024372546,"MTTP_74_2001",2.14453024372546,"MTTP_74_2001",2.14453024372546,"MTTP_74_2001",2.14453024372546,NA,40.43499421,-111.6388391,40.4350135,-111.6388405,NA,-3.1741828234438,40.4350135,-111.6388405,NA,-3.1741828234438,40.4350135,-111.6388405,NA,-3.1741828234438,40.4350135,-111.6388405,NA,-3.1741828234438,10,12,10,12,21,21,22,23
"66","MTTP",74,"ABLA",6.6,50.9,6.9,0,"0",1,1,1,1,"BR, BO","BR, BO","BR, BO","BR, BO",2,2,2,2,"0","0","0","0",4,4,4,4,"4-17","4-18","4–10","4-17",3,3,3,4,"3-12","3-12","3–18","3-12",3,3,4,4,"4-30","4-39","4–46","4-51",4,4,4,4,"1-41","1-45","1–51","1-53",4,4,4,4,"3-22","3-19","3–43","3-49",3,3,3,3,"2-14","2-25","2–24","2-30",NA,NA,NA,NA,1,2,3,4,NA,NA,NA,NA,1,1,1,1,0,"MTTP74",2807,74,NA,"Point",2259.091,NA,0.031667196545353,1,1,1,1,"MTTP_74_2001","MTTP_71_1999",0.445572059965109,"MTTP_71_1999",0.445572059965109,"MTTP_71_1999",0.445572059965109,"MTTP_71_1999",0.445572059965109,NA,40.4350135,-111.6388405,40.43501407,-111.6388457,NA,-81.8363715962029,40.43501407,-111.6388457,NA,-81.8363715962029,40.43501407,-111.6388457,NA,-81.8363715962029,40.43501407,-111.6388457,NA,-81.8363715962029,21,21,22,23,8,12,12,12
"67","MTTP",75,"ABLA",1.8,9.3,0,0,"0",1,1,1,1,"BO","BO","BO","BR, BO",2,2,1,2,"0","0","0","0",2,2,2,2,"1-4","1-3","1–1","1-1",2,2,2,2,"0","0","0","2-1",0,1,0,0,"0","0","0",NA,2,2,2,2,"4-1","4-2","4–1","4-0",2,2,2,2,"0","2-0","0",NA,0,1,0,1,"0","0","0",NA,NA,NA,NA,NA,1,2,3,4,NA,NA,NA,NA,1,1,1,1,0,"MTTP75",2808,75,NA,"Point",2260.063,NA,0.0300740707955614,1,1,1,1,"MTTP_75_2002","MTTP_77_2004",0.815256769492273,"MTTP_77_2004",0.815256769492273,"MTTP_77_2004",0.815256769492273,"MTTP_77_2004",0.815256769492273,NA,40.43500672,-111.6388194,40.43501,-111.6388108,NA,63.4746498214167,40.43501,-111.6388108,NA,63.4746498214167,40.43501,-111.6388108,NA,63.4746498214167,40.43501,-111.6388108,NA,63.4746498214167,8,10,8,9,1,3,4,10
"68","MTTP",76,"ABLA",1.2,5.9,0,0,"0",1,1,1,1,"0","0","BO","BO",3,3,1,2,"0","0","0","0",0,0,0,2,"0","0","0","4-1",0,0,0,2,"0","0","0",NA,0,0,0,0,"0","0","0",NA,0,0,0,1,"0","0","0",NA,0,0,0,1,"0","0","0",NA,0,0,0,1,"0","0","0",NA,"Bent","Bent","Bent","Bent",1,2,3,4,NA,NA,NA,NA,0,0,0,1,1,"MTTP76",2809,76,NA,"Point",2257.364,NA,0.029898711034783,0,0,0,1,"MTTP_76_2003","MTTP_75_2002",1.2286723021102,"MTTP_75_2002",1.2286723021102,"MTTP_75_2002",1.2286723021102,"MTTP_75_2002",1.2286723021102,NA,40.43499648,-111.6388139,40.43500672,-111.6388194,NA,-22.3138739784664,40.43500672,-111.6388194,NA,-22.3138739784664,40.43500672,-111.6388194,NA,-22.3138739784664,40.43500672,-111.6388194,NA,-22.3138739784664,0,0,0,7,8,10,8,9
"69","MTTP",77,"ABLA",1.3,6.7,0,0,"0",1,1,1,1,"BO","BO","BO","BO",3,3,2,2,"0","0","0","0",0,2,2,2,"0","3-0","3–0","3-1",1,0,0,2,"0","0","0",NA,0,0,0,1,"0","0","0",NA,0,1,2,2,"0","0","0",NA,0,0,0,2,"0","0","0",NA,0,0,0,1,"0","0","0",NA,NA,NA,NA,NA,1,2,3,4,NA,NA,NA,NA,1,1,1,1,0,"MTTP77",2810,77,NA,"Point",2257.376,NA,0.0292838668804365,1,1,1,1,"MTTP_77_2004","MTTP_75_2002",0.815256769492273,"MTTP_75_2002",0.815256769492273,"MTTP_75_2002",0.815256769492273,"MTTP_75_2002",0.815256769492273,NA,40.43501,-111.6388108,40.43500672,-111.6388194,NA,-116.525344600751,40.43500672,-111.6388194,NA,-116.525344600751,40.43500672,-111.6388194,NA,-116.525344600751,40.43500672,-111.6388194,NA,-116.525344600751,1,3,4,10,8,10,8,9
"70","MTTP",78,"ABLA",9.3,57.8,0,0,"0",1,1,1,1,"BR, BO","BR, BO","BR, BO","BR, BO",2,2,3,3,"0","0","0","0",3,3,3,3,"4-4","4-4","4–2","4-1",3,4,4,4,"2-5","2-28","2–31","2-25",4,3,3,3,"1-17","1-20","1–24","1-22",4,4,3,3,"4-19","4-19","4–16","4-8",3,3,3,4,"4-33","4-16","4–20","4-35",3,3,4,4,"2-7","2-31","2–35","2-47",NA,"NEW windows (SL,SM,SH,NM)","NEW windows (SL,SM,SH,NM)","NEW windows (SL,SM,SH,NM)",1,2,3,4,NA,NA,NA,NA,1,1,1,1,0,"MTTP78",2811,78,NA,"Point",2259.304,NA,0.0298703980345683,1,1,1,1,"MTTP_78_2005","MTTP_79_2006",0.792668336259474,"MTTP_79_2006",0.792668336259474,"MTTP_79_2006",0.792668336259474,"MTTP_79_2006",0.792668336259474,NA,40.43501595,-111.6388195,40.43502225,-111.6388239,NA,-28.0873598825266,40.43502225,-111.6388239,NA,-28.0873598825266,40.43502225,-111.6388239,NA,-28.0873598825266,40.43502225,-111.6388239,NA,-28.0873598825266,20,20,20,21,12,12,12,12
"71","MTTP",79,"ABLA",4.2,43,25.8,0,"0",1,1,1,1,"BR, BO","BR, BO","BR, BO","BR, BO",2,2,NA,NA,"0","0","0","0",2,2,2,2,"1-4","1-3","1–2","1-1",2,2,2,2,"1-0","1-1","1–0","1-0",2,2,2,2,"4-2","4-5","4–4","4-2",2,2,2,2,"4-1","4-2","4–0","4-0",2,2,2,2,"2-1","2-2","2–2","2-1",2,2,2,2,"1-3","1-14","1–10","1-5",NA,NA,NA,NA,1,2,3,4,NA,NA,NA,NA,1,1,1,1,0,"MTTP79",2812,79,NA,"Point",2256.873,NA,0.0301124333863582,1,1,1,1,"MTTP_79_2006","MTTP_78_2005",0.792668336259474,"MTTP_78_2005",0.792668336259474,"MTTP_78_2005",0.792668336259474,"MTTP_78_2005",0.792668336259474,NA,40.43502225,-111.6388239,40.43501595,-111.6388195,NA,151.912637263698,40.43501595,-111.6388195,NA,151.912637263698,40.43501595,-111.6388195,NA,151.912637263698,40.43501595,-111.6388195,NA,151.912637263698,12,12,12,12,20,20,20,21
"72","MTTP",80,"ABLA",5.8,47.4,14.1,0,"0",1,1,1,1,"BO","BO","BO","BO",2,2,3,3,"0","0","0","0",2,2,2,2,"3-0","3-4","3–5","3-8",2,2,2,2,"3-8","3-8","3–4","3-6",3,3,2,2,"1-7","1-9","1–11","1-15",2,2,2,2,"1-2","1-2","1–0","1-1",2,2,2,2,"1-9","1-2","1–3","1-5",3,3,3,3,"4-21","4-22","4–34","4-27",NA,NA,NA,NA,1,2,3,4,NA,NA,NA,NA,1,1,1,1,0,"MTTP80",2813,80,NA,"Point",2258.652,NA,0.0311092894197769,1,1,1,1,"MTTP_80_2007","MTTP_81_2008",0.97554879730657,"MTTP_81_2008",0.97554879730657,"MTTP_81_2008",0.97554879730657,"MTTP_81_2008",0.97554879730657,NA,40.43503272,-111.6388378,40.4350246,-111.6388334,NA,157.507910414386,40.4350246,-111.6388334,NA,157.507910414386,40.4350246,-111.6388334,NA,157.507910414386,40.4350246,-111.6388334,NA,157.507910414386,14,14,13,13,18,18,18,18
"73","MTTP",81,"ABLA",8,53,4.5,0,"0",1,1,1,1,"BO","BO","BO","BO",2,2,3,3,"0","0","0","0",4,4,4,4,"2-51","2-47","2–45","2-46",3,3,3,3,"3-15","3-25","3–25","3-22",3,3,3,3,"2-9","2-10","2–15","2-22",3,3,3,3,"4-13","4-23","4–19","4-24",3,3,3,3,"2-4","2-14","2–22","2-22",2,2,2,2,"1-5","1-6","1–9","1-10","Rot in area","Rot in area","Rot in area","Rot in area",1,2,3,4,NA,NA,NA,NA,1,1,1,1,0,"MTTP81",2814,81,NA,"Point",2256.529,NA,0.0308647038791485,1,1,1,1,"MTTP_81_2008","MTTP_79_2006",0.846948822990047,"MTTP_79_2006",0.846948822990047,"MTTP_79_2006",0.846948822990047,"MTTP_79_2006",0.846948822990047,NA,40.4350246,-111.6388334,40.43502225,-111.6388239,NA,107.938445795172,40.43502225,-111.6388239,NA,107.938445795172,40.43502225,-111.6388239,NA,107.938445795172,40.43502225,-111.6388239,NA,107.938445795172,18,18,18,18,12,12,12,12
"74","MTTP",82,"ABLA",1.3,7.6,2.7,0,"0",1,1,1,NA,"BR, BO","BR, BO","BR, BO",NA,2,2,1,NA,"0","0","0",NA,0,0,0,NA,"0","0","0",NA,1,1,0,NA,"0","0","0",NA,2,2,0,NA,"0","0","0",NA,0,1,0,NA,"0","0","0",NA,1,1,0,NA,"0","0","0",NA,0,0,0,NA,"0","0","0",NA,NA,NA,NA,NA,1,2,3,NA,NA,NA,NA,NA,1,1,0,NA,0,"MTTP82",2815,82,NA,"Point",2258.477,NA,0.0284790139960428,1,1,0,NA,"MTTP_82_2009","MTTP_83_2010",0.24210177340468,"MTTP_83_2010",0.24210177340468,"MTTP_83_2010",0.24210177340468,"MTTP_83_2010",0.24210177340468,NA,40.43501543,-111.6388026,40.43501633,-111.6388052,NA,-65.6288352495236,40.43501633,-111.6388052,NA,-65.6288352495236,40.43501633,-111.6388052,NA,-65.6288352495236,40.43501633,-111.6388052,NA,-65.6288352495236,4,5,0,NA,7,9,6,10
"75","MTTP",83,"ABLA",1.9,8.4,0,0,"0",1,1,1,1,"BR, BO","BR, BO","BR, BO","BR, BO",2,2,2,3,"0","0","0","0",2,2,2,2,"2-0","2-0","0",NA,2,2,2,2,"0","0","0",NA,2,2,0,2,"0","4-0","4–0","4-0",0,2,2,2,"0","0","0",NA,1,1,0,2,"0","0","0",NA,0,0,0,0,"0","0","0",NA,NA,NA,NA,NA,1,2,3,4,NA,NA,NA,NA,1,1,1,1,0,"MTTP83",2816,83,NA,"Point",2256.494,NA,0.0286747609874439,1,1,1,1,"MTTP_83_2010","MTTP_82_2009",0.24210177340468,"MTTP_82_2009",0.24210177340468,"MTTP_97_2023",0.840404969092484,"MTTP_97_2023",0.840404969092484,NA,40.43501633,-111.6388052,40.43501543,-111.6388026,NA,114.371163064155,40.43501543,-111.6388026,NA,114.371163064155,40.43502009,-111.6387966,NA,60.2227483110801,40.43502009,-111.6387966,NA,60.2227483110801,7,9,6,10,4,5,0,NA
"76","MTTP",84,"ABLA",1.3,5.6,2.4,0,"0",1,1,1,1,"BR, BO","BR, BO","BR, BO","BR, BO",2,2,2,2,"0","0","0","0",2,2,2,2,"1-0","1-0","0",NA,2,2,2,2,"2-1","2-0","2–0","2-0",2,2,2,2,"0","0","0",NA,1,1,2,2,"0","0","0",NA,2,2,2,2,"0","0","0",NA,1,1,2,2,"0","0","0",NA,NA,NA,NA,NA,1,2,3,4,NA,NA,NA,NA,1,1,1,1,0,"MTTP84",2817,84,NA,"Point",2257.058,NA,0.0268929520601481,1,1,1,1,"MTTP_84_2011","MTTP_85_2012",0.525141181993927,"MTTP_85_2012",0.525141181993927,"MTTP_85_2012",0.525141181993927,"MTTP_85_2012",0.525141181993927,NA,40.43501964,-111.6387846,40.43502369,-111.6387814,NA,31.1212380999403,40.43502369,-111.6387814,NA,31.1212380999403,40.43502369,-111.6387814,NA,31.1212380999403,40.43502369,-111.6387814,NA,31.1212380999403,10,10,12,12,6,8,8,8
"77","MTTP",85,"ABLA",1.5,6.1,0,0,"0",1,1,1,1,"BO","BO","BO","BO",2,2,3,3,"0","0","0","0",2,2,2,2,"0","4-1","4–1","4-0",2,2,2,2,"0","0","0",NA,0,1,0,0,"0","0","0",NA,2,2,2,2,"4-1","4-2","4–1","4-0",0,1,2,2,"0","0","0",NA,0,0,0,0,"0","0","0",NA,NA,"NEW window (SL)","NEW window (SL)","NEW window (SL)",1,2,3,4,NA,NA,NA,NA,1,1,1,1,0,"MTTP85",2818,85,NA,"Point",2257.302,NA,0.0265420213217226,1,1,1,1,"MTTP_85_2012","MTTP_86_2013",0.258137512818634,"MTTP_86_2013",0.258137512818634,"MTTP_86_2013",0.258137512818634,"MTTP_86_2013",0.258137512818634,NA,40.43502369,-111.6387814,40.43502226,-111.638779,NA,127.946049867127,40.43502226,-111.638779,NA,127.946049867127,40.43502226,-111.638779,NA,127.946049867127,40.43502226,-111.638779,NA,127.946049867127,6,8,8,8,10,11,10,10
"78","MTTP",86,"ABLA",1.3,7.3,0,0,"0",1,1,1,1,"BR, BO","BR, BO","BR, BO","BR, BO",3,3,2,2,"0","0","0","0",2,2,2,2,"4-5","4-7","4–5","4-2",2,2,2,2,"4-3","4-2","4–1","4-1",0,1,0,1,"0","0","0",NA,2,2,2,2,"1-3","1-5","1–3","1-4",2,2,2,2,"1-1","1-3","1–3","1-3",2,2,2,1,"0","0","0",NA,NA,"NEW windows (SL,SM)","NEW windows (SL,SM)","NEW windows (SL,SM)",1,2,3,4,NA,NA,NA,NA,1,1,1,1,0,"MTTP86",2819,86,NA,"Point",2258.932,NA,0.0263718277392321,1,1,1,1,"MTTP_86_2013","MTTP_85_2012",0.258137512818634,"MTTP_85_2012",0.258137512818634,"MTTP_85_2012",0.258137512818634,"MTTP_85_2012",0.258137512818634,NA,40.43502226,-111.638779,40.43502369,-111.6387814,NA,-52.0539485762679,40.43502369,-111.6387814,NA,-52.0539485762679,40.43502369,-111.6387814,NA,-52.0539485762679,40.43502369,-111.6387814,NA,-52.0539485762679,10,11,10,10,6,8,8,8
"79","MTTP",87,"ABLA",1.9,8.5,2.5,0,"0",1,1,1,1,"BR, BO","BR, BO","BR, BO","BR, BO",3,3,3,3,"0","0","0","0",2,2,2,2,"1-1","1-2","1–1","1-1",2,2,2,2,"1-1","1-1","1–0","1-0",0,1,0,2,"0","0","0",NA,2,2,2,2,"0","1-0","1–0","1-0",2,2,2,2,"0","0","0",NA,0,0,0,1,"0","0","0",NA,NA,NA,NA,NA,1,2,3,4,NA,NA,NA,NA,1,1,1,1,0,"MTTP87",2820,87,NA,"Point",2258.724,NA,0.0269945656264809,1,1,1,1,"MTTP_87_2014","MTTP_85_2012",0.680779907503931,"MTTP_85_2012",0.680779907503931,"MTTP_85_2012",0.680779907503931,"MTTP_85_2012",0.680779907503931,NA,40.43502749,-111.6387877,40.43502369,-111.6387814,NA,128.286782860599,40.43502369,-111.6387814,NA,128.286782860599,40.43502369,-111.6387814,NA,128.286782860599,40.43502369,-111.6387814,NA,128.286782860599,8,9,8,11,6,8,8,8
"80","MTTP",88,"ABLA",6.8,45.6,5.1,0,"0",1,1,1,1,"BR, BO","BR, BO","BR, BO","BR, BO",2,2,3,3,"0","0","0","0",2,2,2,2,"3-3","3-2","3–1","3-0",2,2,2,2,"2-1","2-0","2–2","2-0",2,2,2,2,"0","1-0","1–0",NA,2,2,2,2,"2-0","2-0","2–0","2-2",2,2,2,2,"0","4-2","4–3","4-2",2,2,2,2,"0","4-0","4–0","4-0",NA,"NEW window (SL)","NEW window (SL)","NEW window (SL)",1,2,3,4,NA,NA,NA,NA,1,1,1,1,0,"MTTP88",2821,88,NA,"Point",2259.254,NA,0.0283563324754931,1,1,1,1,"MTTP_88_2015","MTTP_97_2023",1.23642518564795,"MTTP_97_2023",1.23642518564795,"MTTP_97_2023",1.23642518564795,"MTTP_97_2023",1.23642518564795,NA,40.4350295,-111.6388044,40.43502009,-111.6387966,NA,147.65072442868,40.43502009,-111.6387966,NA,147.65072442868,40.43502009,-111.6387966,NA,147.65072442868,40.43502009,-111.6387966,NA,147.65072442868,12,12,12,12,1,4,2,6
"81","MTTP",90,"ABLA",1.4,7.6,0.9,0,"0",1,1,1,1,"BR, BO","BR, BO","BR, BO","BR, BO",2,2,2,2,"0","0","0","0",0,1,0,1,"0","0","0",NA,2,2,2,2,"0","2-1","2–2","2-2",2,2,2,2,"0","0","0",NA,1,1,0,2,"0","0","0",NA,2,2,2,2,"0","0","0",NA,1,1,0,1,"0","0","0",NA,NA,NA,NA,NA,1,2,3,4,NA,NA,NA,NA,1,1,1,1,0,"MTTP90",2823,90,NA,"Point",2256.722,NA,0.0286910141634395,1,1,1,1,"MTTP_90_2016","MTTP_96_2022",1.0208989988254,"MTTP_96_2022",1.0208989988254,"MTTP_96_2022",1.0208989988254,"MTTP_96_2022",1.0208989988254,NA,40.43504047,-111.6388102,40.43504453,-111.6387994,NA,63.8038950026273,40.43504453,-111.6387994,NA,63.8038950026273,40.43504453,-111.6387994,NA,63.8038950026273,40.43504453,-111.6387994,NA,63.8038950026273,8,9,6,10,10,9,8,9
"82","MTTP",91,"ABLA",4.6,30.1,7.4,0,"0",1,1,1,1,"BO","BO","BO","BO",2,2,2,2,"0","0","0","0",2,2,2,2,"0","0","0",NA,1,1,0,1,"0","0","0",NA,0,0,0,0,"0","0","0",NA,2,2,2,2,"0","0","0",NA,2,2,2,1,"0","0","0",NA,2,1,0,0,"0","0","0",NA,NA,NA,NA,NA,1,2,3,4,NA,NA,NA,NA,1,1,1,1,0,"MTTP91",2824,91,NA,"Point",2254.8,NA,0.0288079273052685,1,1,1,1,"MTTP_91_2017","MTTP_93_2019",1.49224582137291,"MTTP_62_1992",1.34960844535542,"MTTP_93_2019",1.49224582137291,"MTTP_93_2019",1.49224582137291,NA,40.43506145,-111.6388133,40.43507188,-111.6388244,NA,-39.1179458236464,40.43505127,-111.638822,NA,-146.85448608453,40.43507188,-111.6388244,NA,-39.1179458236464,40.43507188,-111.6388244,NA,-39.1179458236464,9,8,6,6,18,18,18,18
"83","MTTP",92,"ABLA",2.3,8.5,3.8,0,"0",1,1,1,1,"BR, BO","BR, BO","BR, BO","BR, BO",2,2,2,2,"0","0","0","0",2,2,2,2,"0","0","0","3-2",2,2,2,2,"0","0","0",NA,2,2,2,2,"1-1","1-0","1–0","1-0",2,2,2,2,"0","0","0",NA,2,2,2,2,"1-1","0","0",NA,2,2,2,2,"0","0","0",NA,NA,NA,NA,NA,1,2,3,4,NA,NA,NA,NA,1,1,1,1,0,"MTTP92",2825,92,NA,"Point",2259.339,NA,0.0270009649066903,1,1,1,1,"MTTP_92_2018","MTTP_96_2022",1.6099142891934,"MTTP_96_2022",1.6099142891934,"MTTP_96_2022",1.6099142891934,"MTTP_96_2022",1.6099142891934,NA,40.43505782,-111.6387918,40.43504453,-111.6387994,NA,-156.396361576769,40.43504453,-111.6387994,NA,-156.396361576769,40.43504453,-111.6387994,NA,-156.396361576769,40.43504453,-111.6387994,NA,-156.396361576769,12,12,12,12,10,9,8,9
"84","MTTP",93,"ABLA",1.6,8.5,2.2,0,"0",1,1,1,1,"BR, BO","BR, BO","BR, BO","BR, BO",2,3,1,3,"0","0","0","0",4,4,4,4,"4-11","4-17","4–23","4-20",3,3,3,3,"1-4","1-4","1–5","1-9",2,2,2,2,"0","0","0",NA,4,4,4,4,"4-30","4-33","4–35","4-39",3,3,3,3,"1-1","1-3","1–10","1-6",2,2,2,2,"0","0","0",NA,NA,NA,NA,NA,1,2,3,4,NA,NA,NA,NA,1,1,1,1,0,"MTTP93",2826,93,NA,"Point",2258.517,NA,0.0297457132364605,1,1,1,1,"MTTP_93_2019","MTTP_94_2020",1.3498976971659,"MTTP_94_2020",1.3498976971659,"MTTP_94_2020",1.3498976971659,"MTTP_94_2020",1.3498976971659,NA,40.43507188,-111.6388244,40.43507241,-111.6388403,NA,-87.5021331414592,40.43507241,-111.6388403,NA,-87.5021331414592,40.43507241,-111.6388403,NA,-87.5021331414592,40.43507241,-111.6388403,NA,-87.5021331414592,18,18,18,18,3,7,10,12
"85","MTTP",94,"ABLA",3.6,NA,NA,0,"0",1,1,1,1,"BO","BO","BO","BO",1,1,0,1,"0","0","0","0",0,1,2,2,"0","0","0",NA,1,1,2,2,"0","0","0",NA,0,1,0,2,"0","0","0",NA,1,1,2,2,"0","0","0",NA,1,2,2,2,"0","0","0",NA,0,1,2,2,"0","0","0",NA,"Bent","Bent","Bent","Bent",1,2,3,4,NA,NA,NA,NA,1,1,1,1,0,"MTTP94",2827,94,NA,"Point",2255.648,NA,0.0310922808699443,1,1,1,1,"MTTP_94_2020","MTTP_95_2021",0.694867201911784,"MTTP_93_2019",1.3498976971659,"MTTP_95_2021",0.694867201911784,"MTTP_95_2021",0.694867201911784,NA,40.43507241,-111.6388403,40.43507864,-111.6388395,NA,5.60395069567056,40.43507188,-111.6388244,NA,92.4978565460244,40.43507864,-111.6388395,NA,5.60395069567056,40.43507864,-111.6388395,NA,5.60395069567056,3,7,10,12,7,0,10,12
"86","MTTP",95,"ABCO",9.7,NA,NA,0,"0",1,1,1,1,"BO","BO","BO","BO",1,NA,0,1,"0","0","0","0",2,0,2,2,"2-1",NA,"0",NA,2,0,2,2,"0",NA,"0",NA,2,0,2,2,"0",NA,"0",NA,0,0,2,2,"0",NA,"0",NA,1,0,2,2,"0",NA,"0",NA,0,0,0,2,"0",NA,"0",NA,"Bent","Bent","Bent","Bent",1,2,3,4,NA,NA,NA,NA,1,0,1,1,0,"MTTP95",2828,95,NA,"Point",2255.272,NA,0.0310457432347666,1,0,1,1,"MTTP_95_2021","MTTP_94_2020",0.694867201911784,"MTTP_94_2020",0.694867201911784,"MTTP_94_2020",0.694867201911784,"MTTP_94_2020",0.694867201911784,NA,40.43507864,-111.6388395,40.43507241,-111.6388403,NA,-174.396048785461,40.43507241,-111.6388403,NA,-174.396048785461,40.43507241,-111.6388403,NA,-174.396048785461,40.43507241,-111.6388403,NA,-174.396048785461,7,0,10,12,3,7,10,12
"87","MTTP",96,"ABLA",NA,6.3,NA,0,"0",1,1,1,1,"BO","BO","BO","BO",3,3,3,3,"0","0","0","0",2,2,2,2,"0","0","0",NA,2,2,2,2,"0","0","0",NA,1,1,0,1,"0","0","0",NA,2,2,2,2,"0","0","0",NA,2,2,2,2,"0","0","0",NA,1,0,0,0,"0","0","0",NA,NA,NA,NA,NA,1,2,3,4,NA,NA,NA,NA,1,1,1,1,0,"MTTP96",2829,96,NA,"Point",2255.607,NA,0.02773765356672,1,1,1,1,"MTTP_96_2022","MTTP_90_2016",1.0208989988254,"MTTP_90_2016",1.0208989988254,"MTTP_90_2016",1.0208989988254,"MTTP_90_2016",1.0208989988254,NA,40.43504453,-111.6387994,40.43504047,-111.6388102,NA,-116.196097992649,40.43504047,-111.6388102,NA,-116.196097992649,40.43504047,-111.6388102,NA,-116.196097992649,40.43504047,-111.6388102,NA,-116.196097992649,10,9,8,9,8,9,6,10
"88","MTTP",97,"ABLA",1,6.9,0,0,"0",1,1,1,1,"BO","BO","BO","BO",3,3,3,3,"0","0","0","0",1,2,2,2,"0","0","0",NA,0,0,0,1,"0","0","0",NA,0,0,0,1,"0","0","0",NA,0,1,0,1,"0","0","0",NA,0,1,0,1,"0","0","0",NA,0,0,0,0,"0","0","0",NA,NA,NA,NA,NA,1,2,3,4,NA,NA,NA,NA,1,1,1,1,0,"MTTP97",2830,97,NA,"Point",2256.584,NA,0.0278802146781909,1,1,1,1,"MTTP_97_2023","MTTP_82_2009",0.725645657589738,"MTTP_82_2009",0.725645657589738,"MTTP_83_2010",0.840404969092484,"MTTP_83_2010",0.840404969092484,NA,40.43502009,-111.6387966,40.43501543,-111.6388026,NA,-135.466778078422,40.43501543,-111.6388026,NA,-135.466778078422,40.43501633,-111.6388052,NA,-119.777246111087,40.43501633,-111.6388052,NA,-119.777246111087,1,4,2,6,4,5,0,NA
"89","MTTP",98,"ABCO",6.1,37.2,3.6,0,"0",1,1,1,1,"BO","BO","BO","0",1,NA,0,1,"0","0","0","0",0,0,0,0,"0",NA,"0",NA,0,0,0,0,"0",NA,"0",NA,0,0,0,0,"0",NA,"0",NA,1,0,0,0,"0",NA,"0",NA,0,0,0,0,"0",NA,"0",NA,0,0,0,0,"0",NA,"0",NA,NA,NA,NA,NA,1,2,3,4,NA,NA,NA,NA,1,0,0,0,0,"MTTP98",2831,98,NA,"Point",2250.148,NA,0.026854358672654,1,0,0,0,"MTTP_98_2024","MTTP_132_2049",6.057457427743,"MTTP_132_2049",6.057457427743,"MTTP_132_2049",6.057457427743,"MTTP_132_2049",6.057457427743,NA,40.43511884,-111.6387829,40.43516597,-111.6387469,NA,30.2705266695001,40.43516597,-111.6387469,NA,30.2705266695001,40.43516597,-111.6387469,NA,30.2705266695001,40.43516597,-111.6387469,NA,30.2705266695001,1,0,0,0,2,1,4,7
"90","MTTP",99,"ABLA",2,8.5,1.1,0,"0",1,1,1,1,"BO","BO","BO","0",3,3,2,3,"0","0","0","0",0,0,0,0,"0","0","0",NA,2,1,0,0,"0","0","0",NA,0,0,0,0,"0","0","0",NA,0,0,0,0,"0","0","0",NA,0,0,0,0,"0","0","0",NA,0,0,0,0,"0","0","0",NA,NA,"injury to NM","injury to NM","injury to NM",1,2,3,4,NA,NA,NA,NA,1,1,0,0,0,"MTTP99",2832,99,NA,"Point",2253.662,NA,0.0455447858977464,1,1,0,0,"MTTP_99_2025","MTTP_100_2026",0.28322621987991,"MTTP_104_2030",5.44508687684725,"MTTP_119_2041",11.9379356727133,"MTTP_101_2027",2.11503373231849,NA,40.43475114,-111.6388156,40.43475365,-111.6388162,NA,-10.3513861616615,40.43472534,-111.638761,NA,121.732491503328,40.43480709,-111.6386954,NA,58.6515899134536,40.43473512,-111.6388021,NA,147.221747232562,2,1,0,0,1,0,0,0
"91","MTTP",100,"ABLA",NA,4.4,NA,0,"0",1,1,1,1,"BO","0","0","0",3,3,2,3,"0","0","0","0",0,0,0,0,"0","0","0",NA,0,0,0,0,"0","0","0",NA,0,0,0,0,"0","0","0",NA,0,0,0,0,"0","0","0",NA,1,0,0,0,"0","0","0",NA,0,0,0,0,"0","0","0",NA,NA,NA,NA,NA,1,2,3,4,NA,NA,NA,NA,1,0,0,0,0,"MTTP100",2833,100,NA,"Point",2253.916,NA,0.0453624052101999,1,0,0,0,"MTTP_100_2026","MTTP_99_2025",0.28322621987991,"MTTP_99_2025",0.28322621987991,"MTTP_119_2041",11.8394033352701,"MTTP_101_2027",2.37929354289407,NA,40.43475365,-111.6388162,40.43475114,-111.6388156,NA,169.648613449189,40.43475114,-111.6388156,NA,169.648613449189,40.43480709,-111.6386954,NA,59.9313325564696,40.43473512,-111.6388021,NA,149.824640313825,1,0,0,0,2,1,0,0
"92","MTTP",101,"ABLA",2.4,10.9,0.4,0,"0",1,1,1,1,"0","0","BO","BO",3,3,2,3,"0","0","0","0",0,0,0,0,"0","0","0",NA,0,0,0,0,"0","0","0",NA,0,0,0,0,"0","0","0",NA,0,0,0,0,"0","0","0",NA,0,0,0,0,"0","0","0",NA,0,0,0,1,"0","0","0",NA,NA,NA,NA,NA,1,2,3,4,NA,NA,NA,NA,0,0,0,1,1,"MTTP101",2834,101,NA,"Point",2254.309,NA,0.0462349947102398,0,0,0,1,"MTTP_101_2027","MTTP_99_2025",2.11503373231849,"MTTP_99_2025",2.11503373231849,"MTTP_119_2041",12.0717686601843,"MTTP_103_2029",4.58426195870348,NA,40.43473512,-111.6388021,40.43475114,-111.6388156,NA,-32.7782440115873,40.43475114,-111.6388156,NA,-32.7782440115873,40.43480709,-111.6386954,NA,48.5641878625698,40.43473207,-111.6387482,NA,94.2352588185525,0,0,0,1,2,1,0,0
"93","MTTP",102,"ABLA",NA,3.7,NA,0,"0",1,1,1,1,"0","0","0","0",3,3,1,2,"0","0","0","0",0,0,0,0,"0","0","0",NA,0,0,0,0,"0","0","0",NA,0,0,0,0,"0","0","0",NA,0,0,0,0,"0","0","0",NA,0,0,0,0,"0","0","0",NA,0,0,0,0,"0","0","0",NA,NA,NA,NA,NA,1,2,3,4,NA,NA,NA,NA,0,0,0,0,0,"MTTP102",2836,102,NA,"Point",2251.595,NA,0.0416620565147955,0,0,0,0,"MTTP_102_2028","MTTP_100_2026",3.9882246986066,"MTTP_105_2031",3.33946304280704,"MTTP_119_2041",7.85170213488613,"MTTP_105_2031",3.33946304280704,NA,40.43477124,-111.6387752,40.43475365,-111.6388162,NA,-119.312646742819,40.43475009,-111.6387472,NA,134.669687490335,40.43480709,-111.6386954,NA,59.547364774754,40.43475009,-111.6387472,NA,134.669687490335,0,0,0,0,1,0,0,0
"94","MTTP",103,"ABLA",2.7,8.9,0,0,"0",1,1,1,1,"BO","BO","BO","BO",3,3,3,3,"0","0","0","0",0,0,0,0,"0","0","0",NA,2,1,0,1,"0","0","0",NA,2,0,0,0,"0","0","0",NA,0,0,0,1,"0","0","0",NA,2,1,0,1,"0","0","0",NA,2,0,0,0,"0","0","0",NA,NA,NA,NA,NA,1,2,3,4,NA,NA,NA,NA,1,1,0,1,0,"MTTP103",2837,103,NA,"Point",2256.738,NA,0.043926132111615,1,1,0,1,"MTTP_103_2029","MTTP_104_2030",1.31787238569548,"MTTP_104_2030",1.31787238569548,"MTTP_119_2041",9.45527669326683,"MTTP_105_2031",2.00206424515678,NA,40.43473207,-111.6387482,40.43472534,-111.638761,NA,-124.531459579975,40.43472534,-111.638761,NA,-124.531459579975,40.43480709,-111.6386954,NA,28.2711140290231,40.43475009,-111.6387472,NA,2.42810562969462,8,2,0,3,1,2,0,0
"95","MTTP",104,"ABLA",2.1,8.6,0,0,"0",1,1,1,1,"BR","BR, BO","BR, BO","0",3,3,2,2,"0","0","0","0",0,0,0,0,"0","0","0",NA,0,1,0,0,"0","0","0",NA,0,0,0,0,"0","0","0",NA,0,0,0,0,"0","0","0",NA,1,1,0,0,"0","0","0",NA,0,0,0,0,"0","0","0",NA,NA,NA,NA,NA,1,2,3,4,NA,NA,NA,NA,1,1,0,0,0,"MTTP104",2838,104,NA,"Point",2255.071,NA,0.0451380565793739,1,1,0,0,"MTTP_104_2030","MTTP_103_2029",1.31787238569548,"MTTP_103_2029",1.31787238569548,"MTTP_119_2041",10.6444972299563,"MTTP_103_2029",1.31787238569548,NA,40.43472534,-111.638761,40.43473207,-111.6387482,NA,55.4685321181832,40.43473207,-111.6387482,NA,55.4685321181832,40.43480709,-111.6386954,NA,31.5150559260426,40.43473207,-111.6387482,NA,55.4685321181832,1,2,0,0,8,2,0,3
"96","MTTP",105,"ABLA",NA,4.6,NA,0,"0",1,1,1,1,"0","BO","0","BO",3,3,2,2,"0","0","0","0",0,0,0,0,"0","0","0",NA,0,0,0,0,"0","0","0",NA,0,0,0,0,"0","0","0",NA,0,0,0,1,"0","0","0",NA,0,1,0,1,"0","0","0",NA,0,0,0,0,"0","0","0",NA,NA,NA,NA,NA,1,2,3,4,NA,NA,NA,NA,0,1,0,1,1,"MTTP105",2840,105,NA,"Point",2254.868,NA,0.0421940323933238,0,1,0,1,"MTTP_105_2031","MTTP_103_2029",2.00206424515678,"MTTP_103_2029",2.00206424515678,"MTTP_119_2041",7.70303186812667,"MTTP_103_2029",2.00206424515678,NA,40.43475009,-111.6387472,40.43473207,-111.6387482,NA,-177.571893721724,40.43473207,-111.6387482,NA,-177.571893721724,40.43480709,-111.6386954,NA,34.7763957213488,40.43473207,-111.6387482,NA,-177.571893721724,0,1,0,2,8,2,0,3
"97","MTTP",106,"ABLA",NA,5.2,NA,0,"0",1,1,1,1,"0","0","0","0",3,3,2,2,"0","0","0","0",0,0,0,0,"0","0","0",NA,0,0,0,0,"0","0","0",NA,0,0,0,0,"0","0","0",NA,0,0,0,0,"0","0","0",NA,0,0,0,0,"0","0","0",NA,0,0,0,0,"0","0","0",NA,NA,NA,NA,NA,1,2,3,4,NA,NA,NA,NA,0,0,0,0,0,"MTTP106",2841,106,NA,"Point",2255.387,NA,0.0395210290914106,0,0,0,0,"MTTP_106_2032","MTTP_107_2033",3.79343935259429,"MTTP_105_2031",2.83500431046811,"MTTP_119_2041",5.14164106324426,"MTTP_105_2031",2.83500431046811,NA,40.43477483,-111.6387389,40.43478757,-111.6386974,NA,68.1119263125609,40.43475009,-111.6387472,NA,-165.621688986107,40.43480709,-111.6386954,NA,45.8563680078349,40.43475009,-111.6387472,NA,-165.621688986107,0,0,0,0,4,1,0,3
"98","MTTP",107,"ABLA",5.3,30.1,0.9,0,"0",1,1,1,1,"BO","BO","BO","BO",3,3,2,2,"0","0","0","0",0,0,0,1,"0","0","0",NA,1,1,0,0,"0","0","0",NA,1,0,0,1,"0","0","0",NA,0,0,0,0,"0","0","0",NA,1,0,0,1,"0","0","0",NA,1,0,0,0,"0","0","0",NA,NA,NA,NA,NA,1,2,3,4,NA,NA,NA,NA,1,1,0,1,0,"MTTP107",2842,107,NA,"Point",2255.268,NA,0.0364159459362174,1,1,0,1,"MTTP_107_2033","MTTP_117_2039",2.01859445037063,"MTTP_117_2039",2.01859445037063,"MTTP_117_2039",2.01859445037063,"MTTP_117_2039",2.01859445037063,NA,40.43478757,-111.6386974,40.43480175,-111.6386825,NA,38.761499064093,40.43480175,-111.6386825,NA,38.761499064093,40.43480175,-111.6386825,NA,38.761499064093,40.43480175,-111.6386825,NA,38.761499064093,4,1,0,3,9,10,8,10
"99","MTTP",108,"ABLA",NA,5.5,NA,0,"0",1,1,1,1,"0","0","0","0",3,3,2,2,"0","0","0","0",0,0,0,0,"0","0","0",NA,0,0,0,0,"0","0","0",NA,0,0,0,0,"0","0","0",NA,0,0,0,0,"0","0","0",NA,0,0,0,0,"0","0","0",NA,0,0,0,0,"0","0","0",NA,NA,NA,NA,NA,1,2,3,4,NA,NA,NA,NA,0,0,0,0,0,"MTTP108",2843,108,NA,"Point",2255.165,NA,0.0360367631685475,0,0,0,0,"MTTP_108_2034","MTTP_118_2040",1.26442564735651,"MTTP_118_2040",1.26442564735651,"MTTP_117_2039",2.00485191899729,"MTTP_118_2040",1.26442564735651,NA,40.43478379,-111.63868,40.4347946,-111.6386753,NA,18.3777533006962,40.4347946,-111.6386753,NA,18.3777533006962,40.43480175,-111.6386825,NA,-6.07136058492408,40.4347946,-111.6386753,NA,18.3777533006962,0,0,0,0,4,4,0,4
"100","MTTP",113,"ABLA",NA,4.5,NA,0,"0",1,1,1,1,"0","0","BO","0",3,3,2,2,"0","0","0","0",0,0,0,0,"0","0","0",NA,0,0,0,0,"0","0","0",NA,0,0,0,0,"0","0","0",NA,0,0,0,0,"0","0","0",NA,0,0,0,0,"0","0","0",NA,0,0,0,0,"0","0","0",NA,NA,NA,NA,NA,1,2,3,4,NA,NA,NA,NA,0,0,0,0,0,"MTTP113",2846,113,NA,"Point",2253.705,NA,0.0353933926449953,0,0,0,0,"MTTP_113_2035","MTTP_121_2043",2.61042074447208,"MTTP_116_2038",1.58714308689434,"MTTP_117_2039",4.15012429453954,"MTTP_116_2038",1.58714308689434,NA,40.43477711,-111.6386457,40.43479202,-111.6386695,NA,-50.6529471468856,40.43478651,-111.6386598,NA,-48.8963642842617,40.43480175,-111.6386825,NA,-48.7731796176816,40.43478651,-111.6386598,NA,-48.8963642842617,0,0,0,0,2,2,0,0
"101","MTTP",114,"ABLA",1.6,7.6,0,0,"0",1,1,1,1,"0","0","0","0",3,3,2,3,"0","0","0","0",0,0,0,0,"0","0","0",NA,0,0,0,0,"0","0","0",NA,0,0,0,0,"0","0","0",NA,0,0,0,0,"0","0","0",NA,0,0,0,0,"0","0","0",NA,0,0,0,0,"0","0","0",NA,NA,NA,NA,NA,1,2,3,4,NA,NA,NA,NA,0,0,0,0,0,"MTTP114",2847,114,NA,"Point",2253.96,NA,0.0340579042812287,0,0,0,0,"MTTP_114_2036","MTTP_120_2042",3.03269077569085,"MTTP_116_2038",2.22259519464738,"MTTP_117_2039",4.49418411930556,"MTTP_115_2037",1.48215113149537,NA,40.43478616,-111.6386336,40.4347985,-111.6386655,NA,-63.1491826563059,40.43478651,-111.6386598,NA,-88.998411725642,40.43480175,-111.6386825,NA,-67.3525205328143,40.43478739,-111.6386162,NA,84.7145133518969,0,0,0,0,3,1,0,0
"102","MTTP",115,"ABLA",1.3,6.6,0,0,"0",1,1,1,1,"0","0","0","BO",3,3,3,3,"0","0","0","0",0,0,0,1,"0","0","0",NA,0,0,0,0,"0","0","0",NA,0,0,0,0,"0","0","0",NA,0,0,0,0,"0","0","0",NA,0,0,0,0,"0","0","0",NA,0,0,0,0,"0","0","0",NA,NA,NA,NA,NA,1,2,3,4,NA,NA,NA,NA,0,0,0,1,1,"MTTP115",2848,115,NA,"Point",2253.481,NA,0.0333699313650644,0,0,0,1,"MTTP_115_2037","MTTP_120_2042",4.35963573918178,"MTTP_116_2038",3.69939459390812,"MTTP_117_2039",5.8450411548356,"MTTP_116_2038",3.69939459390812,NA,40.43478739,-111.6386162,40.4347985,-111.6386655,NA,-73.5680213230385,40.43478651,-111.6386598,NA,-91.5130531721268,40.43480175,-111.6386825,NA,-74.1744271636914,40.43478651,-111.6386598,NA,-91.5130531721268,0,0,0,1,3,1,0,0
"103","MTTP",116,"ABLA",7.6,40,6.3,1,"0",1,1,1,1,"0","BO","BO","BO",3,3,0,3,"0","0","0","0",0,0,0,1,"0","0","0",NA,0,0,0,0,"0","0","0",NA,0,0,0,0,"0","0","0",NA,0,1,0,2,"0","0","0",NA,0,0,0,0,"0","0","0",NA,0,0,0,0,"0","0","0",NA,"1 DB","1 DB","1 DB","1 DB",1,2,3,4,NA,NA,NA,NA,0,1,0,1,1,"MTTP116",2849,116,NA,"Point",2253.669,NA,0.034967264547665,0,1,0,1,"MTTP_116_2038","MTTP_121_2043",1.02517855154057,"MTTP_121_2043",1.02517855154057,"MTTP_117_2039",2.56298714741678,"MTTP_118_2040",1.59211863053213,NA,40.43478651,-111.6386598,40.43479202,-111.6386695,NA,-53.3730278028069,40.43479202,-111.6386695,NA,-53.3730278028069,40.43480175,-111.6386825,NA,-48.6969060549435,40.4347946,-111.6386753,NA,-55.6646731890228,0,1,0,3,2,2,0,0
"104","MTTP",117,"ABLA",8.5,41,1.6,0,"0",1,1,1,1,"BO","BO","BO","BO",2,3,0,0,"0","0","0","0",2,2,2,2,"2-2","2-2","2–4","2-1",2,2,2,2,"0","0","0",NA,1,1,0,1,"0","0","0",NA,2,2,2,2,"3-4","3-4","3–6","3-8",2,2,2,2,"0","4-1","0",NA,0,1,0,1,"0","0","0",NA,NA,NA,NA,NA,1,2,3,4,NA,NA,NA,NA,1,1,1,1,0,"MTTP117",2850,117,NA,"Point",2253.394,NA,0.0344138653204889,1,1,1,1,"MTTP_117_2039","MTTP_118_2040",1.0014287159119,"MTTP_118_2040",1.0014287159119,"MTTP_119_2041",1.24440805354085,"MTTP_118_2040",1.0014287159119,NA,40.43480175,-111.6386825,40.4347946,-111.6386753,NA,142.423159770342,40.4347946,-111.6386753,NA,142.423159770342,40.43480709,-111.6386954,NA,-61.5537544283217,40.4347946,-111.6386753,NA,142.423159770342,9,10,8,10,4,4,0,4
"105","MTTP",118,"ABLA",4,19.3,0.8,0,"0",1,1,1,1,"BR, BO","BR, BO","BR, BO","BR, BO",3,3,1,1,"0","0","0","0",1,1,0,1,"0","0","0",NA,2,1,0,1,"0","0","0",NA,1,1,0,1,"0","0","0",NA,0,0,0,0,"0","0","0",NA,0,0,0,0,"0","0","0",NA,0,1,0,1,"0","0","0",NA,NA,NA,NA,NA,1,2,3,4,NA,NA,NA,NA,1,1,0,1,0,"MTTP118",2851,118,NA,"Point",2256.043,NA,0.0347937729807515,1,1,0,1,"MTTP_118_2040","MTTP_121_2043",0.569237921254654,"MTTP_121_2043",0.569237921254654,"MTTP_117_2039",1.0014287159119,"MTTP_117_2039",1.0014287159119,NA,40.4347946,-111.6386753,40.43479202,-111.6386695,NA,120.205665370723,40.43479202,-111.6386695,NA,120.205665370723,40.43480175,-111.6386825,NA,-37.5768355598655,40.43480175,-111.6386825,NA,-37.5768355598655,4,4,0,4,2,2,0,0
"106","MTTP",119,"ABLA",8.7,40.6,8.8,0,"0",1,1,1,1,"BO","BO","BO","BO",3,3,2,2,"0","0","0","0",2,2,2,2,"2-0","2-0","2–0","2-0",2,2,2,2,"3-1","3-2","3–1","3-0",1,1,0,2,"0","0","0",NA,2,2,2,2,"0","0","0","1-4",1,2,2,2,"0","0","0",NA,0,1,2,2,"0","0","0",NA,"SLW obstructed","SLW obstructed","SLW obstructed","SLW obstructed",1,2,3,4,NA,NA,NA,NA,1,1,1,1,0,"MTTP119",2852,119,NA,"Point",2260.632,NA,0.0344898478078348,1,1,1,1,"MTTP_119_2041","MTTP_117_2039",1.24440805354085,"MTTP_117_2039",1.24440805354085,"MTTP_117_2039",1.24440805354085,"MTTP_117_2039",1.24440805354085,NA,40.43480709,-111.6386954,40.43480175,-111.6386825,NA,118.446237204966,40.43480175,-111.6386825,NA,118.446237204966,40.43480175,-111.6386825,NA,118.446237204966,40.43480175,-111.6386825,NA,118.446237204966,8,10,10,12,9,10,8,10
"107","MTTP",120,"ABLA",NA,5.9,NA,0,"0",1,1,1,1,"BO","BO","0","0",3,3,2,2,"0","0","0","0",0,0,0,0,"0","0","0",NA,1,0,0,0,"0","0","0",NA,1,1,0,0,"0","0","0",NA,0,0,0,0,"0","0","0",NA,0,0,0,0,"0","0","0",NA,1,0,0,0,"0","0","0",NA,NA,NA,NA,NA,1,2,3,4,NA,NA,NA,NA,1,1,0,0,0,"MTTP120",2853,120,NA,"Point",2252.743,NA,0.0340119033332923,1,1,0,0,"MTTP_120_2042","MTTP_121_2043",0.795296071431978,"MTTP_121_2043",0.795296071431978,"MTTP_117_2039",1.48636592107091,"MTTP_118_2040",0.937201471340609,NA,40.4347985,-111.6386655,40.43479202,-111.6386695,NA,-154.747833728646,40.43479202,-111.6386695,NA,-154.747833728646,40.43480175,-111.6386825,NA,-75.9533508513653,40.4347946,-111.6386753,NA,-117.510930843473,3,1,0,0,2,2,0,0
"108","MTTP",121,"ABLA",1.4,7.7,1.9,0,"0",1,1,1,1,"BO","BO","BO","BO",2,2,2,2,"0","0","0","0",0,0,0,0,"0","0","0",NA,1,1,0,0,"0","0","0",NA,0,0,0,0,"0","0","0",NA,0,0,0,0,"0","0","0",NA,1,1,0,0,"0","0","0",NA,0,0,0,0,"0","0","0",NA,NA,NA,NA,NA,1,2,3,4,NA,NA,NA,NA,1,1,0,0,0,"MTTP121",2854,121,NA,"Point",2252.655,NA,0.034806600463389,1,1,0,0,"MTTP_121_2043","MTTP_118_2040",0.569237921254654,"MTTP_118_2040",0.569237921254654,"MTTP_117_2039",1.5434853240884,"MTTP_118_2040",0.569237921254654,NA,40.43479202,-111.6386695,40.4347946,-111.6386753,NA,-59.7943308674998,40.4347946,-111.6386753,NA,-59.7943308674998,40.43480175,-111.6386825,NA,-45.5929743547235,40.4347946,-111.6386753,NA,-59.7943308674998,2,2,0,0,4,4,0,4
"109","MTTP",123,"ABLA",NA,6.4,NA,0,"0",1,1,1,1,"0","0","0","0",2,2,1,1,"0","0","0","0",0,0,0,0,"0","0","0",NA,0,0,0,0,"0","0","0",NA,0,0,0,0,"0","0","0",NA,0,0,0,0,"0","0","0",NA,0,0,0,0,"0","0","0",NA,0,0,0,0,"0","0","0",NA,NA,NA,NA,NA,1,2,3,4,NA,NA,NA,NA,0,0,0,0,0,"MTTP123",2856,123,NA,"Point",2257.036,NA,0.0293894158924199,0,0,0,0,"MTTP_123_2044","MTTP_119_2041",5.15806221831615,"MTTP_119_2041",5.15806221831615,"MTTP_119_2041",5.15806221831615,"MTTP_119_2041",5.15806221831615,NA,40.43484924,-111.6386698,40.43480709,-111.6386954,NA,-155.104473733409,40.43480709,-111.6386954,NA,-155.104473733409,40.43480709,-111.6386954,NA,-155.104473733409,40.43480709,-111.6386954,NA,-155.104473733409,0,0,0,0,8,10,10,12
"110","MTTP",127,"ABLA",NA,3,NA,0,"0",1,1,NA,NA,"0","0",NA,NA,2,2,NA,NA,"0","0",NA,NA,0,0,NA,NA,"0","0",NA,NA,0,0,NA,NA,"0","0",NA,NA,0,0,NA,NA,"0","0",NA,NA,0,0,NA,NA,"0","0",NA,NA,0,0,NA,NA,"0","0",NA,NA,0,0,NA,NA,"0","0",NA,NA,NA,NA,NA,NA,1,2,NA,NA,NA,NA,NA,NA,0,0,NA,NA,NA,"MTTP127",2859,127,NA,"Point",2251.321,NA,0.016050292679938,0,0,NA,NA,"MTTP_127_2045","MTTP_92_2018",11.193400076597,"MTTP_128_2046",4.11241556454534,"MTTP_128_2046",4.11241556454534,"MTTP_128_2046",4.11241556454534,NA,40.43507684,-111.6386622,40.43505782,-111.6387918,NA,-100.872063153602,40.43511142,-111.6386796,NA,-21.0311056883606,40.43511142,-111.6386796,NA,-21.0311056883606,40.43511142,-111.6386796,NA,-21.0311056883606,0,0,NA,NA,12,12,12,12
"111","MTTP",128,"ABLA",11.3,64.9,0,0,"0",1,1,1,1,"0","BO","BO","BO",2,2,1,1,"0","0","0","0",0,2,2,2,"0","0","0",NA,0,0,0,0,"0","0","0",NA,0,0,0,0,"0","0","0",NA,0,0,0,0,"0","0","0",NA,0,0,0,0,"0","0","0",NA,0,0,0,0,"0","0","0",NA,NA,NA,NA,"bifur",1,2,3,4,NA,NA,NA,NA,0,1,1,1,1,"MTTP128",2860,128,NA,"Point",2253.271,NA,0.0181698290544562,0,1,1,1,"MTTP_128_2046","MTTP_132_2049",8.32164928136406,"MTTP_132_2049",8.32164928136406,"MTTP_132_2049",8.32164928136406,"MTTP_132_2049",8.32164928136406,NA,40.43511142,-111.6386796,40.43516597,-111.6387469,NA,-43.3107974986269,40.43516597,-111.6387469,NA,-43.3107974986269,40.43516597,-111.6387469,NA,-43.3107974986269,40.43516597,-111.6387469,NA,-43.3107974986269,0,2,2,2,2,1,4,7
"112","MTTP",129,"ABLA",13.3,66.5,0,0,"0",1,1,1,1,"0","BO","BO","BO",2,2,1,1,"0","0","0","0",0,2,2,2,"0","0","0",NA,0,0,0,0,"0","0","0",NA,0,0,0,0,"0","0","0",NA,0,0,0,0,"0","0","0",NA,0,0,0,0,"0","0","0",NA,0,0,0,0,"0","0","0",NA,NA,NA,NA,"bifur",1,2,3,4,NA,NA,NA,NA,0,1,1,1,1,"MTTP129",NA,129,NA,"Point",2253.271,NA,0.0181698290544562,0,1,1,1,"MTTP_129_2047","MTTP_132_2049",8.32164928136406,"MTTP_132_2049",8.32164928136406,"MTTP_132_2049",8.32164928136406,"MTTP_132_2049",8.32164928136406,NA,40.43511142,-111.6386796,40.43516597,-111.6387469,NA,-43.3107974986269,40.43516597,-111.6387469,NA,-43.3107974986269,40.43516597,-111.6387469,NA,-43.3107974986269,40.43516597,-111.6387469,NA,-43.3107974986269,0,2,2,2,2,1,4,7
"113","MTTP",130,"ABLA",NA,2.8,NA,0,"0",1,1,1,1,"0","0","0","0",3,3,0,0,"0","0","0","0",0,0,0,0,"0","0","0",NA,0,0,0,0,"0","0","0",NA,0,0,0,0,"0","0","0",NA,0,0,0,0,"0","0","0",NA,0,0,0,0,"0","0","0",NA,0,0,0,0,"0","0","0",NA,NA,NA,NA,NA,1,2,3,4,NA,NA,NA,NA,0,0,0,0,0,"MTTP130",2861,130,NA,"Point",2252.022,NA,0.017581348585389,0,0,0,0,"MTTP_130_2048","MTTP_133_2050",7.84328739695932,"MTTP_128_2046",2.92645910759353,"MTTP_128_2046",2.92645910759353,"MTTP_128_2046",2.92645910759353,NA,40.43513377,-111.6386613,40.43517136,-111.6387396,NA,-57.8596429702555,40.43511142,-111.6386796,NA,-147.967866046721,40.43511142,-111.6386796,NA,-147.967866046721,40.43511142,-111.6386796,NA,-147.967866046721,0,0,0,0,2,2,0,3
"114","MTTP",132,"ABLA",1.9,10.8,0,0,"0",1,1,1,1,"BO","BO","BO","BO",2,1,NA,NA,"0","0","0","0",0,0,0,1,"0","0","0",NA,1,0,2,2,"0","0","0",NA,0,0,0,0,"0","0","0",NA,0,1,0,1,"0","0","0",NA,1,0,2,2,"0","0","0",NA,0,0,0,1,"0","0","0",NA,NA,NA,NA,NA,1,2,3,4,NA,NA,NA,NA,1,1,1,1,0,"MTTP132",2863,132,NA,"Point",2253.699,NA,0.0256611084452412,1,1,1,1,"MTTP_132_2049","MTTP_133_2050",0.861013864966738,"MTTP_133_2050",0.861013864966738,"MTTP_128_2046",8.32164928136406,"MTTP_133_2050",0.861013864966738,NA,40.43516597,-111.6387469,40.43517136,-111.6387396,NA,45.982091629035,40.43517136,-111.6387396,NA,45.982091629035,40.43511142,-111.6386796,NA,136.68915885148,40.43517136,-111.6387396,NA,45.982091629035,2,1,4,7,2,2,0,3
"115","MTTP",133,"ABLA",1.9,11.3,0,0,"0",1,1,1,1,"BO","BO","BO","BO",1,1,0,0,"0","0","0","0",1,1,0,1,"0","0","0",NA,1,1,0,0,"0","0","0",NA,0,0,0,0,"0","0","0",NA,0,0,0,1,"0","0","0",NA,0,0,0,1,"0","0","0",NA,0,0,0,0,"0","0","0",NA,NA,NA,NA,NA,1,2,3,4,NA,NA,NA,NA,1,1,0,1,0,"MTTP133",2864,133,NA,"Point",2254.315,NA,0.025372821502704,1,1,0,1,"MTTP_133_2050","MTTP_132_2049",0.861013864966738,"MTTP_132_2049",0.861013864966738,"MTTP_132_2049",0.861013864966738,"MTTP_132_2049",0.861013864966738,NA,40.43517136,-111.6387396,40.43516597,-111.6387469,NA,-134.017903636278,40.43516597,-111.6387469,NA,-134.017903636278,40.43516597,-111.6387469,NA,-134.017903636278,40.43516597,-111.6387469,NA,-134.017903636278,2,2,0,3,2,1,4,7
"116","MTTP",134,"ABLA",NA,4.1,NA,0,"0",1,1,1,1,"0","0","0","0",2,2,0,0,"0","0","0","0",0,0,0,1,"0","0","0",NA,0,0,0,0,"0","0","0",NA,0,0,0,0,"0","0","0",NA,0,0,0,1,"0","0","0",NA,0,0,0,0,"0","0","0",NA,0,0,0,0,"0","0","0",NA,NA,NA,NA,NA,1,2,3,4,NA,NA,NA,NA,0,0,0,1,1,"MTTP134",2865,134,NA,"Point",2254.465,NA,0.0275659428430623,0,0,0,1,"MTTP_134_2051","MTTP_133_2050",2.36450077443979,"MTTP_133_2050",2.36450077443979,"MTTP_132_2049",2.57315839665988,"MTTP_133_2050",2.36450077443979,NA,40.43518769,-111.6387575,40.43517136,-111.6387396,NA,140.051283047203,40.43517136,-111.6387396,NA,140.051283047203,40.43516597,-111.6387469,NA,159.549048254983,40.43517136,-111.6387396,NA,140.051283047203,0,0,0,2,2,2,0,3
